"age1","com_age","mean_ratio","hpd50lower","hpd50higher","hpd75lower","hpd75higher","hpd95lower","hpd95higher","ratio_gam_fit"
252.672,252.963,0.134912442288188,0.123596789151073,0.151520991722458,0.110315574268358,0.156480564364192,0.0968226372155058,0.172808972841954,0.167268439475586
253.674,253.965,0.183491006016743,0.163423976403642,0.196637423691478,0.154249804393847,0.211282821672917,0.136190735855904,0.232580034655361,0.177409538895742
254.676,254.966,0.24541434595585,0.219348275983768,0.26834464115383,0.20353329603898,0.288561378555915,0.174222979987461,0.317101066557817,0.187547703294001
255.678,255.968,0.250609138129261,0.221449252744601,0.270996490837013,0.208887654963273,0.294407300732396,0.178525920858494,0.322448161728163,0.197678062934264
256.68,256.97,0.210929369534885,0.190215137717541,0.229319721176019,0.175027319503506,0.240950307915541,0.156456775668403,0.268794502183139,0.207793569973562
257.682,257.972,0.207837916343732,0.182897320060288,0.224286234189299,0.173082424594175,0.244199565257725,0.146621437353999,0.267731930058497,0.217885175026303
258.684,258.974,0.231237562926466,0.2069605039123,0.251816103122511,0.190206895361543,0.266381730113467,0.167243050267163,0.297888717896265,0.227942000545481
259.492,259.687,0.222073081668966,0.188624175023177,0.239765234643415,0.177673709864156,0.26572959569266,0.147600031172711,0.299072476330806,0.236017877069977
259.993,260.188,0.200187211616036,0.176448171501752,0.215653535202323,0.164912803281716,0.230958592844159,0.144638962403394,0.256418747088569,0.241006688512812
260.687,260.977,0.240976721746418,0.217577320367268,0.256677679009978,0.206713520107473,0.272826980894695,0.186785221839688,0.298814122445757,0.247889559101542
261.689,261.979,0.252487496409204,0.231068285019494,0.269570483294856,0.216356172986967,0.282176024390703,0.196162866094392,0.30937412153017,0.257759724215814
262.691,262.981,0.269417758466218,0.247603894330665,0.285246315600732,0.235552708922342,0.299543321426034,0.215767206190607,0.326098392324828,0.267534251962582
263.693,263.983,0.250115849026696,0.228475326424141,0.269199087602891,0.214843238507352,0.283387517032154,0.195166639595402,0.309180666608383,0.277194358978116
264.695,264.985,0.265527943213845,0.244958342784356,0.284653260417795,0.231771002316284,0.299090631885718,0.21097318401839,0.324106939441444,0.286720445513489
265.697,265.987,0.319432514740648,0.295147836044826,0.338655848467797,0.279798044537157,0.354299592780043,0.256122401662145,0.38167162095352,0.296092265725078
266.699,266.988,0.316241323362,0.294945342869483,0.33385804591607,0.284036598654319,0.350461870880249,0.261369285475675,0.372246338810638,0.305289099873316
267.701,267.99,0.314892611488616,0.290623278378466,0.331955855634982,0.278023948878298,0.348167819792925,0.255105634530835,0.374417073988464,0.31428992872528
268.703,268.992,0.309306284144807,0.289281806779331,0.328324302448618,0.275628840863469,0.341823754350473,0.251771436979261,0.36450102209432,0.323073610307491
269.705,269.994,0.292617943791906,0.271983659256137,0.3122427057868,0.256523981137284,0.326079048319557,0.232743667309184,0.35022228442638,0.331619058991406
270.707,270.996,0.308824925383853,0.287303908457268,0.328641512174435,0.27202487558282,0.343240657073103,0.249401758179233,0.370889887614079,0.339905426718873
271.709,271.898,0.325597604232498,0.298511637677587,0.346905879043464,0.28524619498247,0.366085264759414,0.258652672412433,0.396535136672195,0.347912285991212
272.255,272.399,0.316250105432506,0.268005027816159,0.341274516565919,0.248666767265176,0.374795941319433,0.216452283914142,0.431375435847415,0.352150544624809
272.756,272.999,0.378735899975634,0.344989662372714,0.40342903284072,0.325973436251575,0.424443003946921,0.299768536928756,0.464352522370084,0.355958647708204
273.713,274.001,0.39600033910208,0.366035342721273,0.425950536363036,0.34661226880224,0.448641130150629,0.309531212133945,0.485059309151366,0.363009414879313
274.715,275.003,0.403975590142655,0.375836883349323,0.432888529130498,0.35466887159299,0.451369116365909,0.324907658251384,0.489028703902039,0.370063836593063
275.717,276.005,0.442398644482441,0.40964438009927,0.469681532638564,0.386517961885898,0.489765497254701,0.355828544248138,0.530341648606397,0.376767087656489
276.719,277.007,0.42004021803019,0.385883447675906,0.443926422716016,0.369346874801707,0.469456821533767,0.337035886144348,0.503972801301012,0.383104497954845
277.721,278.009,0.396328004669092,0.363831441288194,0.422089282939898,0.346947603797657,0.44500165363631,0.314737231527942,0.482539967424324,0.389062907488161
278.723,279.01,0.422518492788262,0.393520575959545,0.457179757676781,0.365949073160437,0.473574423156562,0.33396525516131,0.513486265529941,0.39463083472007
279.725,280.012,0.453270964513287,0.414542954772849,0.490454387620227,0.389563104580882,0.519197881976536,0.344327256551046,0.559157313241015,0.399798636751439
280.726,281.014,0.349714540398315,0.316650782729067,0.379968921165276,0.296590279419283,0.405990905816279,0.257701441301759,0.440268377203992,0.404554114214634
281.728,282.016,0.389265209657734,0.352105045094497,0.421713392741956,0.329526928392583,0.447522482770513,0.2877628739925,0.485443188544801,0.408901245895234
282.73,283.018,0.363329838693564,0.323923128992613,0.392341564388843,0.301261407486081,0.415528815730069,0.268415924869309,0.459203494006359,0.412831800191124
283.732,284.02,0.402364463013206,0.367661505098868,0.436094405094867,0.341616561789858,0.458191944894917,0.302308938915702,0.499823272143676,0.416344860122325
284.734,285.021,0.352956104534698,0.317043342048485,0.384244005572419,0.294161617683772,0.407512821701324,0.261161456348787,0.448875126544541,0.419441958628867
285.736,286.023,0.362628712089219,0.330595124425544,0.393781244845932,0.307677555510723,0.414595861301992,0.276700376719409,0.457896237158779,0.422127149631164
286.738,287.025,0.390951988382392,0.35084762268678,0.418577964542388,0.329178229890655,0.446147992615203,0.297087930641681,0.496051639069976,0.424407057861141
287.74,288.027,0.382733068926657,0.342975244383739,0.409402005375042,0.32382004616546,0.436854879433054,0.2867212443941,0.476059118267303,0.4262909059292
288.742,289.029,0.379464003113654,0.340926225949418,0.407807229388886,0.32024944862493,0.435410775254942,0.2844277898006,0.480254946845107,0.427790517273628
289.744,290.031,0.36583954443192,0.333579083106762,0.396071124293224,0.308967391749653,0.414752547178789,0.276786409948081,0.457745962342633,0.428920293851296
290.746,291.032,0.378291755883693,0.347490716112369,0.408392300557054,0.32646951228076,0.429058930571932,0.289870048546341,0.462503455800497,0.429697167668489
291.748,292.034,0.429959897413331,0.394795068263649,0.459914479518506,0.373277623850052,0.485150754195675,0.335880475731167,0.527853453440251,0.430140525517139
292.75,293.036,0.408307876334375,0.372517600591025,0.433275281169512,0.353808170836673,0.456466577636323,0.318572548286356,0.493373950357523,0.430272106569624
293.752,294.038,0.391461288743174,0.35764522997147,0.41907993414274,0.339950659652761,0.444076223988765,0.304593297349833,0.481064728921266,0.430115872793117
294.754,295.04,0.393240071795583,0.361978994644473,0.419729395646074,0.340700528213348,0.438815849902716,0.315875300242393,0.481044262540624,0.42969785246591
295.756,296.042,0.593022408084163,0.558872301338472,0.623284529036635,0.540428184483289,0.650809273315753,0.497564237317453,0.685106151578416,0.429045957411345
296.758,297.043,0.632471070777025,0.601420389054647,0.664006985858865,0.585915399781456,0.690728847907663,0.540321952592862,0.716706213380547,0.428189774902734
297.76,298.045,0.645989250881071,0.620247163247725,0.683419036776346,0.594209083461697,0.703803015980373,0.551508408121046,0.736915251356614,0.427160335532568
298.58,298.723,0.58297607458671,0.544758877656921,0.633183028504022,0.507984004046093,0.659312698530747,0.457348794235401,0.710455975262884,0.426211459062939
299.081,299.224,0.494239204444642,0.440101764074837,0.532013640230123,0.417425499310379,0.573406690803896,0.368720566475386,0.629741072836555,0.425592987227261
299.764,300.049,0.499241323689257,0.45258635271833,0.542180158933573,0.42819868946584,0.580187178676869,0.370292355420808,0.624558627075132,0.424711587785773
300.765,301.051,0.512528793312817,0.462846558724089,0.562569791879561,0.428297036181136,0.596868481423844,0.378366778456868,0.653995164909545,0.423361079354097
301.767,302.053,0.458044995521232,0.405193798105792,0.495896263687955,0.377535896169901,0.532204836576685,0.330852662092181,0.588682844826717,0.421970250706637
302.769,303.054,0.355192193188031,0.312299073583634,0.390511515618012,0.277120788198523,0.409489097349133,0.248222423288139,0.476974549333843,0.420575057554805
303.771,304.056,0.375286990432541,0.322372614802713,0.404192226229783,0.30194762541542,0.442014091109118,0.25885622027782,0.496446174960411,0.419209797909688
304.773,305.058,0.344475977906287,0.29006892246391,0.36764230646211,0.271513031496913,0.404321189246352,0.230651427496743,0.456174902871367,0.417908094063558
305.775,306.06,0.390551454087172,0.343540586257387,0.434141077401278,0.306663939075416,0.459454395493765,0.261619009451583,0.516287769868493,0.41670255443809
306.777,307.062,0.436778929013809,0.378112644017741,0.482349254107633,0.34552620661088,0.525811456944161,0.277337377451278,0.591794546974318,0.415624437301913
307.779,308.064,0.342462743672194,0.289891375277736,0.374439983778903,0.262218639984105,0.405883340929935,0.217736080960427,0.461457486363738,0.414703320286457
308.781,309.065,0.33319003689008,0.285510881284454,0.369088815867114,0.255808768060597,0.398875256218462,0.214851529418543,0.459046995190749,0.413966779668743
309.783,310.067,0.389859882402745,0.333800341669963,0.427663004533945,0.301072895124262,0.461335376118384,0.262124310569385,0.530352757802526,0.413440083382129
310.785,311.069,0.362148398484814,0.301851796929969,0.395791044437812,0.274579147181939,0.433757211534255,0.225620551908173,0.495336361823673,0.413145901659376
311.787,312.071,0.348873725261515,0.290917505155745,0.383240223450339,0.269526331053203,0.425143710367724,0.22355356738484,0.484073520254742,0.413104039106251
312.789,313.073,0.405994842823014,0.349928299070382,0.454426746548191,0.306841977669512,0.484730412440796,0.260871119319481,0.556775864667186,0.413331191848249
313.791,314.075,0.373070099206447,0.316425256784933,0.414857620386909,0.278578757355465,0.448865833134614,0.235796294184021,0.519648554261626,0.413840733189612
314.793,315.076,0.380209426216752,0.334497438022541,0.424202542987526,0.304506177302128,0.457366821953983,0.254558271264919,0.512424144287804,0.414642530972842
315.795,316.078,0.338513152626492,0.287117255668197,0.373617492797568,0.260756498866942,0.405411519966146,0.218197160725682,0.462943693092574,0.415742799531965
316.797,317.08,0.384780513492359,0.335612096956583,0.427382005276593,0.31038568256048,0.465609984621304,0.258141873321255,0.516455315757181,0.417143988795938
317.799,318.082,0.421347768394375,0.361051224891944,0.463700045228494,0.334776965360238,0.511539465443817,0.280799833291729,0.572698569411008,0.418844712723414
318.801,319.084,0.482128369451479,0.425156905380835,0.534515732554689,0.382042229893417,0.56651070256053,0.331273778022316,0.634935597329703,0.420839718841389
319.803,320.086,0.420531653861199,0.369205194285887,0.461562306350375,0.333324609422023,0.491404585993023,0.293563466614688,0.562560223462916,0.4231199002217
320.805,321.087,0.433581864250542,0.38406487875858,0.480081930306428,0.350995858083667,0.514095905912332,0.29139413036328,0.562308056810387,0.425672350766868
321.806,322.089,0.464343837649186,0.403236699613456,0.504050034953879,0.376968828052734,0.548867468561173,0.32751717289218,0.619660357843695,0.42847754065023
322.754,322.895,0.379218096857891,0.319540496942965,0.417653370022838,0.289825406387853,0.461483963881827,0.238964095749232,0.528630089404666,0.43135128386302
323.255,323.396,0.436583664372161,0.375743287965102,0.484719078667134,0.341586092843867,0.528569755049356,0.280910344156115,0.590520438255255,0.432948490758871
323.81,324.093,0.462431955375701,0.423848143956956,0.514481670678939,0.382568175920915,0.536858725949533,0.333382789653782,0.593421060437131,0.434776119201984
324.812,325.095,0.400797998654775,0.352729698807986,0.435797553068953,0.321901028489341,0.462322840521507,0.288357547114165,0.520911676697923,0.438214702131731
325.814,326.097,0.374549311809066,0.333862550645434,0.410779535051883,0.306362223714839,0.437224060167567,0.265691350831777,0.484483791134228,0.441804112901363
326.816,327.098,0.411913958210016,0.370609465993631,0.445932971393055,0.349845514565033,0.476562754123747,0.303623243589798,0.517444024930042,0.445509171602046
327.818,328.1,0.511660822677135,0.452686222014286,0.543758337407354,0.433482080285674,0.584837550174485,0.387808902506192,0.638147002922757,0.449292467114888
328.82,329.102,0.469354141720037,0.42979433688702,0.507317584879018,0.397829317400208,0.531253178745095,0.357191535808394,0.583246786460546,0.453114729009739
329.822,330.104,0.423217358454297,0.383988666013421,0.461603603116898,0.352077356176753,0.484842160978303,0.312692093177295,0.534883742799006,0.456935227055315
330.824,331.106,0.475162213957779,0.435521032410793,0.516937180945537,0.401198450931006,0.53977892493638,0.357582073097357,0.600393452824453,0.460712194125544
331.826,332.108,0.502609659171891,0.460732269659373,0.551248761806347,0.423748825369269,0.579082882771129,0.371892955111806,0.631579927085371,0.464403267966202
332.828,333.109,0.423109092228077,0.375221087434041,0.45744284272253,0.345789557500893,0.486796249349535,0.309880125012483,0.547179605857795,0.467965947012903
333.83,334.111,0.441807989615449,0.394022499578554,0.479984726159992,0.366107596164115,0.513288086171286,0.32475403707262,0.568942793438727,0.471358055231122
334.832,335.113,0.468945812122381,0.421807491425347,0.507924389814624,0.393214711632554,0.538483288011247,0.345514671833317,0.59131111420325,0.474538210784405
335.834,336.115,0.426866002846193,0.387978709876748,0.466868599467004,0.357003373872485,0.488149590519519,0.3138875913155,0.531954513205288,0.477466293230841
336.836,337.117,0.365341929962126,0.332253999790801,0.398141609511312,0.303828349193736,0.41504350872466,0.274021010878125,0.458900567024084,0.480103903903223
337.838,338.119,0.484008405907958,0.445030508693387,0.529018767562791,0.411974013757437,0.553231092107461,0.363527164587707,0.601105827339717,0.482414814145488
338.84,339.12,0.451199889432563,0.399422471178813,0.478689502549417,0.380593471506244,0.517139971437571,0.333915390430101,0.575662575158925,0.484365396158383
339.842,340.122,0.502110934771839,0.454761266896374,0.545797636740308,0.418414573902708,0.575825523917412,0.368488656866724,0.633550241632004,0.485925031350259
340.844,341.124,0.561390306710159,0.502100683259959,0.604340969082261,0.469541391349054,0.646029467630178,0.415260475443423,0.712889405113356,0.487066491293352
341.846,342.126,0.488682438660098,0.425452952307454,0.526196930567598,0.395159437289323,0.566505384188781,0.353170670485951,0.637523952320549,0.487766286650504
342.847,343.128,0.413710631514987,0.374578729395121,0.450147302262656,0.342881772838198,0.470209232269004,0.312320902113881,0.527229802124491,0.488004976796208
343.849,344.13,0.379325579407675,0.337808427271681,0.405176500995845,0.317231342906561,0.431475693755379,0.281465661174715,0.474513654035562,0.487767937512158
344.851,345.131,0.368084080793726,0.332509911496928,0.395405568362436,0.312358819352979,0.416800411988004,0.283118389922375,0.461170754398362,0.487044135982041
345.853,346.133,0.610634782071908,0.564321065381301,0.664135387813733,0.526527708626649,0.696178652987019,0.472001412318944,0.758629695981819,0.485827744809553
346.855,347.135,0.606648227476087,0.552833480950279,0.656128868239852,0.508891605817922,0.689823834018162,0.458539101263559,0.77230391801303,0.484117802956856
347.857,348.137,0.690842579377733,0.662143822421637,0.769873555594149,0.612856956872987,0.79694987563214,0.533128520128699,0.83786663399022,0.481918296748116
348.859,349.139,0.636277189236122,0.5922941655895,0.711101035418559,0.546969088209841,0.743371989404526,0.470887213757629,0.794425410393335,0.479238188103346
349.861,350.141,0.536902812190171,0.483427547507397,0.592822419431853,0.444101216698808,0.629619973536267,0.387207698397086,0.691410505941693,0.476091389178
350.863,351.142,0.618851270894274,0.55933800509015,0.671736993524736,0.524750138518993,0.715627550037375,0.458064325363667,0.775117694241109,0.472496683189532
351.865,352.144,0.56233259601635,0.499085299940425,0.613871506328681,0.462011459727824,0.652529340885696,0.41366653259146,0.718251486077141,0.468477591824324
352.867,353.146,0.549870577990343,0.488194201281236,0.594169523563299,0.461637166584003,0.640873658597292,0.39911539559122,0.701941909504719,0.464062190229296
353.869,354.148,0.565921159507972,0.50423235237229,0.622483886399713,0.459241783324449,0.656313600172969,0.417012639065063,0.734587039645012,0.459282871195121
354.871,355.15,0.569538439120151,0.509513981665631,0.628213830123904,0.462594800735306,0.663142846921536,0.408942233524781,0.732585656934051,0.454176060724434
355.873,356.152,0.612601537093041,0.553848515984229,0.673262342556154,0.514579910653702,0.717673232199046,0.435650263832423,0.780180235296621,0.448781887741774
356.875,357.153,0.616240790185508,0.566936711973838,0.685333948758167,0.525457364483897,0.725765798990688,0.447795009722738,0.776275021720917,0.443143811235153
357.877,358.155,0.558215645886642,0.484998404299515,0.612495203304245,0.449518883083487,0.662275707217133,0.391114320609822,0.730912272380608,0.4373082086153
358.639,358.778,0.390856492898463,0.314740907140677,0.443547796330641,0.271492736415284,0.48785038438653,0.21662738161938,0.575365245369656,0.432768138968098
359.14,359.279,0.346576146131293,0.275377996602567,0.385410109746168,0.247423452987597,0.432043975200203,0.196008929376984,0.500994326870854,0.429747021730683
359.881,360.159,0.302941204947916,0.246242044067948,0.341512428815157,0.211544398868434,0.372014591874458,0.171316435339318,0.444718436116833,0.425242176407247
360.883,361.161,0.23463698888185,0.187815361840821,0.254352858457995,0.169047743313292,0.28338255428068,0.139493209648233,0.341474422775211,0.419116453201189
361.885,362.163,0.2350381084834,0.184328051573536,0.249569294584914,0.168914899157708,0.282834648797402,0.138708893426254,0.335068521334528,0.413001561712059
362.886,363.164,0.286751858850481,0.234853275913796,0.315824849410392,0.210486982543248,0.3499194161454,0.171276439411261,0.410546676431262,0.406958729754008
363.888,364.166,0.258157118480669,0.208852549113132,0.281422272682715,0.185702572657594,0.309980340657077,0.158742325893182,0.372009849580103,0.40103097816467
364.89,365.168,0.257073948946032,0.201639497271644,0.285459716003426,0.174755597348808,0.315647338780921,0.141421003442255,0.380682257876705,0.395278880268674
365.892,366.17,0.258600109780135,0.195043827141394,0.283208076891059,0.172410902197875,0.323756223804301,0.1363205160944,0.392436775801704,0.389755744303708
366.894,367.172,0.355206198359492,0.264430812535788,0.387652019351375,0.234562815641891,0.446233965990893,0.187415447530955,0.547819444434822,0.384513162148525
367.896,368.174,0.268055174071381,0.198807754725003,0.293592994197497,0.177507996831067,0.337951251556017,0.137850614209215,0.411444910544151,0.379600495031266
368.898,369.175,0.398381429324964,0.301915435973594,0.444375084306722,0.265278297080428,0.509963480130645,0.206029442775189,0.623073503876657,0.375064380857141
369.9,370.177,0.307635742702794,0.232394994134576,0.337785842637276,0.202907257200463,0.382583254912396,0.162642628633444,0.475928601789896,0.370948268605466
370.902,371.179,0.268434451837827,0.215237527745186,0.299162124221768,0.182592007877695,0.32691548569643,0.154445624184022,0.397766452559302,0.367291984937399
371.904,372.181,0.257766092594985,0.21136018139118,0.281236560700421,0.190496799017374,0.310215849836164,0.159340217488526,0.362762016220727,0.364131337787675
372.906,373.183,0.31393117331475,0.265226576387284,0.337574027746523,0.248402904431927,0.371326784142228,0.211996678855062,0.422005786443322,0.361497761290909
373.908,374.185,0.343172644824408,0.29949918072499,0.371747138019643,0.276458942977391,0.399282127813903,0.243745804798139,0.45213646536505,0.359418005920724
374.91,375.186,0.322614460547574,0.280205392190383,0.349242600982591,0.261470635519805,0.376429482064085,0.224375910794202,0.421558637430522,0.35791387720393
375.912,376.188,0.32085380685875,0.282833797360193,0.350678166261786,0.261286534972292,0.375936512226997,0.221629321798765,0.414263599998703,0.35700202581845
376.914,377.19,0.356534767334322,0.319142731357814,0.388711949491094,0.292136444283194,0.4096568234433,0.259474614956844,0.456807672918029,0.35669379129977
377.916,378.192,0.315180195116641,0.275412017406227,0.337387682784815,0.258293239113677,0.364291656693657,0.225801320514611,0.404223998850973,0.356995100973271
378.918,379.194,0.29992872310963,0.26612057080827,0.322349474482469,0.248266311646527,0.344709643373488,0.219169101083932,0.384825361626098,0.357906425106735
379.92,380.196,0.401909699392395,0.351553887571797,0.430477265310603,0.329104330461343,0.464368984336945,0.288759334247636,0.517606769912456,0.359422788645986
380.922,381.197,0.386187132145321,0.346116947611055,0.424194612449781,0.314105073386347,0.447878744509374,0.269943259406908,0.496195863244417,0.361533839265275
381.924,382.199,0.32532553984394,0.291125335506174,0.35413004144774,0.270603485632496,0.378931064916619,0.238722670920906,0.419327282200308,0.364223970839913
382.562,382.7,0.401463824808005,0.372993374412945,0.423671415000591,0.35867730129167,0.446373498173923,0.328267570912426,0.477029532865797,0.366229335919588
383.063,383.201,0.423749213709606,0.401468066514828,0.445774393915744,0.388856417156186,0.462414294664092,0.361001040027951,0.485865325300089,0.367958604176325
383.927,384.203,0.459753785955482,0.438200566476326,0.477870809103651,0.423211516755539,0.491005581811031,0.403436818747279,0.520501057388198,0.371248172320158
384.929,385.205,0.459474717273391,0.43440503746923,0.478590227166856,0.419089802633196,0.492961550805104,0.398822841201689,0.522155332209182,0.37552447334767
385.931,386.207,0.461787604153451,0.4423463214412,0.484945421973501,0.425900462306902,0.497765328721645,0.401511699159932,0.523794072362839,0.380258871541362
386.933,387.208,0.443333741468944,0.422500014564903,0.463537179196511,0.406923047661813,0.476673900762209,0.38252393196675,0.501905431086961,0.385408502988782
387.935,388.21,0.510795748680539,0.492443568001423,0.542966207213489,0.466916778249514,0.553854969977023,0.434266600575466,0.58133586795926,0.390927027980713
388.937,389.212,0.528822160304888,0.498738874677052,0.552252520327419,0.482664588294646,0.574103032412961,0.450414260301087,0.603951454913289,0.396765066523104
389.939,390.214,0.513614905945277,0.484868065152263,0.540319120117242,0.467407901059553,0.562376149686245,0.429504078462537,0.591499968594545,0.402870660935965
390.941,391.216,0.506189183152802,0.480193421527036,0.532592101545098,0.461105890125383,0.551828192637579,0.431071459664378,0.583413870861493,0.409189760053123
391.943,392.218,0.563090428841361,0.531221346107266,0.58710099464301,0.521314822802694,0.615681398249291,0.48085560426162,0.640964915328535,0.415666719351623
392.872,393.009,0.536395842882154,0.505863535906032,0.56762204477105,0.484498992908117,0.590824655510965,0.442869099325651,0.622046056314034,0.421763395140212
393.373,393.51,0.451951719642975,0.388428786512076,0.498622590505691,0.363777092813264,0.551639677082925,0.296212751318676,0.601547676158375,0.425071316843676
393.947,394.221,0.434362457920689,0.385070542031568,0.473172025187695,0.357295635170553,0.507285689344479,0.308933452690943,0.561424899850165,0.428866734860738
394.949,395.223,0.409189003226453,0.359184584374038,0.44829584320124,0.32837107851763,0.482668682932887,0.286560023517016,0.542996213960481,0.435475195156942
395.951,396.225,0.443132595181819,0.390742289599736,0.487751278504165,0.362453723874506,0.525135287331049,0.305657009385714,0.579641776939456,0.442013414896067
396.953,397.227,0.423995557764966,0.37016973334003,0.464659043329085,0.338592197132788,0.498201783978496,0.296529870709439,0.558062547130355,0.448425562466381
397.955,398.229,0.428089099355383,0.369820585362397,0.460556526688501,0.343632599799925,0.501346909875019,0.291167860269079,0.560982113513356,0.454657224927224
398.957,399.23,0.39594928794147,0.344146994883608,0.431760877452613,0.317293673868823,0.465501256928248,0.277156774193516,0.522655083022591,0.460655860377356
399.959,400.232,0.477900366652438,0.417621359907271,0.520322012391518,0.38589351610381,0.562064318016373,0.333732209121845,0.627364820496393,0.466371222913281
400.961,401.234,0.363482678926554,0.313218562435115,0.391180135081311,0.295073087555844,0.427421381856573,0.248238776978309,0.475197239231313,0.471755755981378
401.963,402.236,0.379846583720501,0.333120081718176,0.411913672882627,0.305154589258962,0.439517534940251,0.272255591338801,0.500906228091743,0.476764950357986
402.965,403.238,0.446336784433507,0.405935654687094,0.494206031246165,0.366108376499966,0.517049006477287,0.322192280538723,0.574587836807004,0.48135766346309
403.966,404.24,0.514381513543727,0.461763417956709,0.56187072034857,0.426444416603396,0.595104883567662,0.378931858709388,0.663070505896596,0.48549250455688
404.968,405.241,0.501200197168737,0.455094361240505,0.545494128705736,0.42056290350329,0.573910677799355,0.372239199256212,0.631742625727508,0.489144143583382
405.97,406.243,0.473853764580107,0.428261634014746,0.519889623369843,0.392562332898749,0.550436943258518,0.347822423389854,0.608226889544489,0.492278665178761
406.972,407.245,0.470259344339417,0.42492730444833,0.511621104976864,0.394593958457227,0.544372725619526,0.347211831198364,0.59875512660006,0.494870726578991
407.974,408.247,0.340070021930703,0.310940776173315,0.369256164687226,0.289385208288776,0.388983417243252,0.259497049926584,0.427237888256266,0.496899289579699
408.976,409.249,0.391822334099984,0.355640927568072,0.420633981335224,0.330720072775828,0.441332707215052,0.300022769558904,0.486026169358788,0.498347668548508
409.978,410.251,0.359295945578654,0.325399263457571,0.388646052903506,0.302941590039157,0.410172438446841,0.263800015001682,0.446997890628514,0.499203531905365
410.98,411.252,0.513407589024732,0.463563272753683,0.550867406889643,0.430239966433572,0.580010217377236,0.391462270780643,0.643833254781485,0.499458858190887
411.982,412.254,0.583037938321862,0.537654308170535,0.633728593717291,0.504314410729098,0.66886882590821,0.445419415790609,0.7218839306859,0.499109848368463
412.984,413.256,0.487475688846171,0.435079507233934,0.521625404580108,0.413614598990918,0.563193501073479,0.368790636893326,0.621029409670686,0.498156796503406
413.986,414.258,0.480366622467729,0.430186719520147,0.51852662169855,0.404874446219905,0.554585949918909,0.357551941793977,0.604549906733746,0.4966039214258
414.988,415.26,0.524059948461264,0.480547938126534,0.570318573124796,0.446664935405374,0.599594355105048,0.398671834111911,0.649698698375984,0.494459162406902
415.99,416.262,0.602819319752796,0.556828305250183,0.656915932251375,0.522467101153991,0.692556586235092,0.460699204522954,0.7463935633891,0.491733942258268
416.992,417.263,0.552868405407409,0.506249750924282,0.60169152986147,0.46765534064044,0.628927937117627,0.417708835341728,0.683682057680033,0.488442901593124
417.994,418.265,0.469448676343277,0.424542723754231,0.515309657369584,0.391556812081848,0.544366640717693,0.346792020789863,0.604354433015397,0.484603608267922
418.847,418.983,0.569154677469899,0.524526590966329,0.64025626799059,0.481949978037096,0.676577154925227,0.394773815904903,0.721196016160478,0.480918252637139
419.348,419.484,0.421375516862835,0.362005686262243,0.46280755204192,0.336849648956965,0.506629405342124,0.276593028652082,0.566951949318161,0.478580806499575
419.998,420.269,0.419324271457699,0.371957447614651,0.463923074076685,0.341602220050848,0.498684372440605,0.281995425255068,0.548966474636584,0.475363552145585
421,421.271,0.38323506541873,0.333059014392681,0.419822215168105,0.30496452560377,0.453765954559218,0.255497607283744,0.506657463791146,0.470011232616115
422.002,422.273,0.374649799762085,0.325133128018825,0.413761080724246,0.296587486687769,0.448180310148681,0.256803080947284,0.513000507691855,0.464207182796152
422.751,422.887,0.379040344831682,0.322573114830182,0.427045612705219,0.2783399938667,0.457774769630175,0.232232729988005,0.534801278194292,0.45959099116805
423.252,423.388,0.396468628389226,0.358139950822175,0.425963387903148,0.336520544073961,0.451029423077184,0.300729204244546,0.491147172889928,0.456377684240078
424.006,424.276,0.362305954192779,0.33146845619444,0.383966630642696,0.316635105479067,0.407976272873719,0.286436917685716,0.441696601921209,0.451361604353588
425.007,425.278,0.389361983911178,0.361441952015642,0.419549930008186,0.338563267292652,0.437561485263996,0.304406442579136,0.473814600673623,0.444388535624254
426.009,426.28,0.410338022539902,0.38176499924632,0.441710023313418,0.3578247003502,0.461011640035979,0.325868102027561,0.500116278279364,0.437078848224354
426.955,427.09,0.414784640551566,0.376816181636017,0.442939119152951,0.355058769524638,0.46802353350479,0.318541201002669,0.511761351532604,0.429903250913392
427.456,427.591,0.412243606824643,0.36990055360819,0.440921959857327,0.348932946589063,0.469682943042468,0.307009024045935,0.514760429996636,0.426004246419903
428.013,428.284,0.414804899603901,0.388187866824717,0.444768419708806,0.366079769008059,0.461205414917742,0.333339921558579,0.495790056409823,0.421595059336198
429.015,429.285,0.382789068274629,0.350576371898986,0.404595698140553,0.337986148130715,0.430070820382064,0.30442390873454,0.462288243020246,0.413481838542717
430.017,430.287,0.409466954879197,0.379936030582273,0.437520048718565,0.3584587087615,0.457011711740563,0.328263216521644,0.493558943759585,0.40515973813339
431.019,431.289,0.420482238011303,0.395420769064038,0.446452430705634,0.378776272012447,0.466129754695658,0.348096409539582,0.49481857488252,0.396656313481547
432.021,432.291,0.426994006389043,0.396841289459272,0.453394100716508,0.377295374452063,0.472954169198049,0.344604126935209,0.507052084779945,0.387997791127715
432.961,433.096,0.382027999840634,0.352415380081584,0.410574359520709,0.331021112782998,0.429230379412028,0.299019994844328,0.465164128335446,0.379756065838467
433.462,433.597,0.494018925468274,0.450282318339842,0.539556413843434,0.417844287127285,0.57111752166773,0.363562080264502,0.620290448091868,0.37532317314613
434.025,434.295,0.475307371119321,0.444919133961174,0.508039252149147,0.421195459753335,0.529707644172129,0.387304679307631,0.571108596620538,0.370312621877281
435.027,435.296,0.499403056019726,0.463927308475743,0.530774864807159,0.443324644149463,0.556178855612038,0.405047880895795,0.593243620839381,0.361329283447775
436.029,436.298,0.478054763549076,0.440621602641413,0.505256508335778,0.42160780762107,0.531185238344386,0.382389634567869,0.566082105825268,0.352276654891934
437.031,437.3,0.452367536927699,0.413410800176595,0.478095780572722,0.401964315241092,0.510620381570423,0.356754933652602,0.540552021765372,0.343170614826846
438.033,438.302,0.501725665907346,0.467815214223869,0.534322468326638,0.440317546224519,0.553747852051751,0.403162541555313,0.595376575941103,0.33402515870251
439.035,439.304,0.499881516822998,0.460176157323527,0.528127990929418,0.439696615727483,0.554226781382965,0.403656667703492,0.599413264695109,0.324852410883547
440.037,440.306,0.448113970062741,0.41210166310742,0.47540060325571,0.39344751661068,0.498543732563002,0.359290355081072,0.53570580982827,0.315662663378998
441.039,441.307,0.476221770069299,0.431463587767955,0.506012478886321,0.413538845036962,0.540324343877373,0.372837945260329,0.585596451824876,0.306464439223649
442.041,442.309,0.4161791982971,0.383341469445127,0.45367523700636,0.353231070838118,0.474380587968726,0.318186507783463,0.522764070332412,0.297264578243306
443.043,443.305,0.302550223948151,0.275328094985601,0.330787430883804,0.252224511080009,0.346390686685609,0.224072850058997,0.383030510859329,0.288068342702931
443.672,443.806,0.225150376515409,0.200692940591926,0.242103505225737,0.186372093906721,0.255893287911642,0.166219036383182,0.285102650669202,0.282299071885508
444.173,444.313,0.213743205456348,0.198271505612695,0.228264369352303,0.186668070551433,0.237788446860274,0.170776479082163,0.257428894620312,0.277706372681602
445.047,445.315,0.215200226578307,0.200441001206841,0.231629662933776,0.186971387334566,0.240604070821124,0.170433645477439,0.261558844916229,0.26970019990972
446.048,446.317,0.19233484706595,0.173753810531711,0.203355254134397,0.164144440629943,0.214635294460688,0.148751473282607,0.234923568910392,0.260539743442556
447.05,447.318,0.186133234143432,0.168208419141068,0.201988094093772,0.154657664400043,0.210745598512989,0.14029128597961,0.233476918032959,0.251378960418722
448.052,448.32,0.177387131566143,0.159784004600694,0.188412459461078,0.151620484778979,0.200413181857719,0.136253038007455,0.220862165215678,0.242225258662453
449.054,449.322,0.156735655655375,0.140086834061519,0.168330980609708,0.133177273546347,0.181098890488177,0.117628762584578,0.19925338934298,0.233076204468005
450.056,450.324,0.136448046447084,0.123353112166182,0.147103635374924,0.115443978838979,0.156741160767239,0.102682220628029,0.172798511614195,0.223928842524506
451.058,451.326,0.13661232030893,0.123206445327722,0.145799314577369,0.116035928470895,0.155095567566924,0.103887971347139,0.171475983207643,0.214779856215024
452.06,452.328,0.132182615071861,0.118560157642806,0.141496369433825,0.111525767311032,0.151018574363326,0.0997371803602564,0.167348459329423,0.205625721675787
453.062,453.329,0.141344988557772,0.125635987179511,0.152649599679342,0.118766256373188,0.165484151260218,0.0993913912583114,0.180139566938154,0.196462853093849
454.064,454.331,0.122383735439842,0.107907942544151,0.131418403720298,0.10192099756199,0.141454460931916,0.089140616201419,0.156547584973367,0.187287736937097
455.066,455.333,0.117623159790891,0.103784365678799,0.129574400219672,0.0956577721182676,0.139988044339064,0.0820167214291554,0.155731215391327,0.178097053051
456.068,456.335,0.114644697626958,0.100445206772171,0.125443863999852,0.091317941806181,0.133235116729806,0.0805927936181567,0.150531041675388,0.168887780820585
457.07,457.337,0.109191228999545,0.0955296199906803,0.118317013897284,0.0886453738556779,0.12755954714753,0.0773750779687065,0.143833712201413,0.159657288877498
457.985,458.119,0.108685900301487,0.0929300132654121,0.11973216725026,0.0833617684578634,0.129617465104351,0.069940631425988,0.14859094483491,0.151207860553533
458.486,458.62,0.0981606347327505,0.0823764548029037,0.108006455811527,0.0735445281692924,0.117604318449385,0.0612896457187481,0.13753471281066,0.146572714672766
459.074,459.34,0.0964866916117405,0.0831927210231944,0.105905270304966,0.0746249017262017,0.114205285019908,0.0643824873274158,0.132619463526124,0.141124524670679
460.076,460.342,0.0987395411958997,0.0842362532951073,0.109152202577209,0.0749829600486946,0.117426494696044,0.0633726124828769,0.136350473417175,0.131819871484175
461.078,461.344,0.111081904253986,0.0928786088498407,0.124902727711478,0.0813592160181827,0.135466168906234,0.0653234087153297,0.157579985474655,0.122489456383941
462.08,462.346,0.102315092086653,0.081796789673471,0.113822862855036,0.0725219320952788,0.126479490961238,0.0588996527602904,0.151061732057644,0.113133853509915
463.082,463.348,0.07352152998731,0.0555517769739438,0.0794994489710484,0.0505902338925629,0.0911813865742865,0.0390473117830595,0.109295838181401,0.103754172139995
464.084,464.35,0.0640959077342317,0.0476530145964198,0.0693075590805667,0.042827249983214,0.0813209988986386,0.0315070973999038,0.0998482293052141,0.0943520148752835
465.086,465.351,0.0638374803455489,0.048497409461775,0.0704691506880584,0.0429427084775507,0.0815442316459829,0.0329569401945138,0.10052253325748,0.0849294186390363
466.087,466.353,0.0788325081973052,0.0576361107247378,0.0864641943568174,0.0513649308706547,0.100689904510323,0.0388062637851494,0.124942468642659,0.0754982095741564
467.089,467.355,0.0787696741697094,0.0587894794635817,0.087267928198165,0.0506345847732448,0.0994101488376335,0.0396839368782431,0.124256694257641,0.0660422076841343
468.091,468.357,0.107405794656898,0.0773999820852859,0.118410149854691,0.0653794483805751,0.136066086978204,0.048757136650456,0.172103031530959,0.0565736586398877
469.093,469.359,0.0879206773241229,0.0614386748885301,0.096254624949896,0.0520016715475198,0.111153796803902,0.0374308246358806,0.140134705489193,0.0470954468012291
469.797,469.93,0.0791033341829517,0.0438044549624944,0.0827692549010235,0.0373385811500086,0.10483609291496,0.0252240948755798,0.144996706991548,0.0404318469068096
470.298,470.431,0.0693748305416254,0.0416177427861396,0.0750864353775503,0.0332543553476451,0.091988107517572,0.0238189432591143,0.126436223544949,0.0356881569667591
471.097,471.362,0.06739829758504,0.0392362559079356,0.0722392324648694,0.0307719113948648,0.0887506584928448,0.0226655265994226,0.127466689899691,0.028120987870627
472.099,472.364,0.0708047807916715,0.0378443141432123,0.0734555619821758,0.0300020454839503,0.0938078392836118,0.0193688403777488,0.136854359902614,0.0186292538475665
473.101,473.366,0.0943858774266393,0.0431990577867051,0.0947568479104995,0.0335310328383861,0.124923939665827,0.023266957834558,0.193790068627261,0.00913660719397989
