"","1","2","3","4","5","6","7","8","9","10","11","12","13","14","15","16","17","18","19","20","21","22","23","24","25","26","27","28","29","30","31","32","33","34","35","36","37","38","39","40","41","42","43","44","45","46","47","48","49","50","51","52","53","54","55","56","57","58","59","60","61","62","63","64","65","66","67","68","69","70","71","72","73","74","75","76","77","78","79","80","81","82","83","84","85","86","87","88","89","90","91","92","93","94","95","96","97","98","99"
"1",NA,NA,13,17,13,10,17,8,9,9,5,15,2,24,11,8,10,6,19,NA,NA,7,19,19,8,2,5,11,15,17,22,23,17,24,14,28,29,29,29,44,26,14,21,15,14,13,48,47,15,25,13,18,56,57,92,101,89,101,85,73,69,28,14,30,36,32,45,46,48,30,35,77,99,100,55,37,47,39,48,52,44,44,51,22,32,34,41,14,33,18,5,5,4,1,NA,3,NA,1,NA
"2",NA,NA,9,18,14,10,17,9,8,9,4,12,1,23,11,13,11,7,14,NA,NA,6,13,14,9,3,6,12,18,15,18,24,15,25,14,29,27,38,22,44,28,16,19,21,12,16,50,41,16,25,17,15,55,70,104,100,89,96,75,76,61,27,18,31,34,28,36,49,51,29,34,72,109,108,50,41,51,42,43,47,46,45,51,23,31,32,32,12,36,15,4,5,3,1,NA,4,NA,1,NA
"3",NA,NA,13,16,13,10,17,8,9,7,6,11,1,26,11,10,11,6,15,NA,NA,5,13,15,8,3,5,14,16,16,20,24,20,28,10,33,29,31,31,50,29,16,21,15,12,13,50,45,19,20,13,13,53,61,86,92,95,97,84,79,67,26,13,28,35,34,39,51,53,35,35,72,103,104,59,43,51,44,50,48,44,43,45,22,32,32,34,15,31,17,5,5,6,1,NA,3,NA,1,NA
"4",NA,NA,12,16,17,11,16,9,12,7,5,13,1,22,11,13,11,5,16,NA,NA,7,15,19,7,2,6,15,17,15,18,24,15,29,15,28,28,37,21,46,25,14,22,17,14,13,45,49,14,32,16,13,60,56,93,108,90,102,81,70,72,28,11,31,34,32,39,49,56,32,37,77,102,107,61,44,44,41,47,51,47,49,40,22,28,32,38,14,33,16,4,5,4,1,NA,4,NA,1,NA
"5",NA,NA,10,14,12,10,16,9,10,8,4,12,2,22,12,10,13,7,15,NA,NA,5,14,14,8,4,5,12,18,17,19,21,19,27,13,32,26,35,23,46,30,18,23,15,12,13,55,39,16,24,17,15,54,58,101,101,86,97,87,81,65,27,13,31,30,32,33,58,58,23,40,78,103,104,55,37,51,42,44,44,48,45,47,30,33,28,33,17,28,14,4,5,4,1,NA,4,NA,1,NA
"6",NA,NA,12,16,14,9,18,11,11,6,4,11,3,23,12,10,9,5,17,NA,NA,7,16,21,8,2,6,16,17,13,21,19,15,30,20,33,31,37,25,42,26,13,29,16,12,15,46,46,16,25,16,12,58,57,89,101,89,101,79,84,60,35,12,23,32,35,39,44,50,31,33,77,110,106,63,37,42,39,49,57,55,45,50,27,31,31,43,15,27,20,4,5,4,1,NA,3,NA,1,NA
"7",NA,NA,11,20,12,10,17,8,11,9,5,11,1,23,12,12,12,6,17,NA,NA,5,18,17,8,2,5,13,20,17,20,22,16,25,13,30,28,32,28,40,25,16,20,16,14,13,44,40,18,25,11,9,64,57,90,101,93,97,81,83,65,29,14,30,27,27,41,44,56,33,34,81,111,104,59,42,44,38,48,47,41,43,45,25,30,29,31,14,33,18,4,5,5,1,NA,5,NA,1,NA
"8",NA,NA,9,14,12,10,17,9,9,6,5,13,1,22,11,12,11,5,17,NA,NA,6,21,15,8,2,6,13,19,15,20,22,20,26,12,34,32,33,24,43,26,17,24,19,12,13,54,41,15,25,16,11,58,58,98,104,100,89,78,87,65,28,13,24,29,31,38,45,47,32,35,68,98,100,53,46,48,38,46,48,48,45,56,22,39,35,34,18,35,21,5,5,3,1,NA,3,NA,1,NA
"9",NA,NA,10,15,17,10,15,8,10,7,6,12,1,22,11,13,11,5,16,NA,NA,5,16,16,8,2,5,14,17,18,20,23,19,25,11,28,30,37,23,44,27,11,28,20,14,13,42,55,15,24,13,13,61,66,90,98,87,87,75,72,66,34,15,24,26,29,34,51,51,35,31,72,99,107,64,40,44,38,50,47,43,48,46,21,28,31,36,16,33,16,4,5,4,1,NA,5,NA,1,NA
"10",NA,NA,10,15,13,11,16,8,9,8,4,13,2,21,12,10,8,7,17,NA,NA,5,10,17,7,3,3,16,16,16,22,20,23,29,16,31,25,36,20,43,29,13,25,21,11,16,47,49,17,24,16,8,55,58,91,107,91,96,84,77,64,30,14,25,31,26,38,47,59,30,34,73,103,98,55,37,45,42,47,49,45,46,50,24,32,35,34,15,27,16,5,5,3,1,NA,3,NA,1,NA
"11",NA,NA,14,16,14,9,14,10,10,8,4,12,1,26,10,11,9,7,17,NA,NA,5,13,17,9,3,4,13,16,18,20,22,16,30,14,27,30,37,27,45,26,15,22,16,15,10,51,52,18,31,13,9,47,58,95,103,102,91,82,90,62,31,13,24,29,33,38,46,52,33,31,73,104,98,56,41,41,42,45,51,52,45,48,22,26,27,38,12,34,17,5,5,4,1,NA,3,NA,1,NA
"12",NA,NA,13,20,11,9,18,8,10,6,4,12,2,23,12,11,12,7,16,NA,NA,6,13,16,9,2,6,13,17,18,20,21,19,27,17,27,29,35,23,43,24,17,24,15,15,14,44,42,22,21,13,11,52,63,100,98,87,91,77,82,63,33,11,28,33,35,38,47,53,31,34,69,102,99,59,41,48,44,48,46,40,45,44,22,39,27,36,15,32,19,4,5,5,1,NA,3,NA,1,NA
"13",NA,NA,10,15,12,9,17,8,11,6,5,14,3,21,10,10,9,7,19,NA,NA,5,16,13,8,2,8,13,16,16,20,20,17,27,15,29,29,33,25,50,30,15,21,17,17,15,56,49,19,24,15,12,57,57,98,103,91,108,85,76,64,30,15,29,33,32,39,45,55,32,30,72,108,110,50,41,45,39,50,50,48,51,53,26,23,24,34,13,30,16,4,5,5,1,NA,5,NA,1,NA
"14",NA,NA,11,16,14,9,14,9,9,8,4,10,1,24,11,10,12,5,15,NA,NA,6,17,15,7,2,6,17,19,19,19,19,17,27,17,27,28,35,26,43,23,15,24,17,17,10,45,44,17,24,11,12,62,52,97,106,95,100,90,78,72,33,13,25,25,29,41,59,51,38,39,70,108,113,58,38,50,42,49,45,49,48,50,18,31,37,38,12,28,17,4,5,3,1,NA,4,NA,1,NA
"15",NA,NA,14,14,16,11,18,9,8,9,4,11,1,23,11,11,10,6,17,NA,NA,6,14,22,8,3,6,13,21,19,22,19,20,26,17,27,31,29,24,46,24,17,23,19,12,12,48,48,14,27,13,13,63,56,93,105,85,93,82,73,69,31,13,23,28,30,34,48,55,28,30,72,104,114,57,45,43,42,51,48,45,42,46,26,29,29,32,13,31,16,4,5,5,1,NA,5,NA,1,NA
"16",NA,NA,11,17,15,10,16,10,8,6,4,11,2,22,10,10,13,4,17,NA,NA,6,16,17,8,3,6,15,17,17,19,20,16,27,13,28,30,30,30,48,25,13,21,19,10,14,48,44,17,27,11,11,52,61,85,106,83,99,82,78,63,30,12,27,29,29,44,48,51,33,29,75,102,105,57,41,45,44,42,47,44,47,47,22,39,33,34,12,34,14,4,5,6,1,NA,3,NA,1,NA
"17",NA,NA,12,17,14,11,18,9,8,5,4,11,1,22,10,10,10,6,16,NA,NA,5,15,23,10,2,6,13,17,18,21,23,18,27,15,26,30,39,21,43,26,16,28,19,14,14,53,53,20,25,12,16,49,56,85,104,92,96,81,78,65,31,15,29,33,28,37,52,52,32,31,64,97,107,52,43,44,40,47,50,47,47,50,27,32,26,37,14,31,19,5,5,5,1,NA,5,NA,1,NA
"18",NA,NA,11,15,18,9,15,8,9,7,5,12,1,23,9,12,12,6,16,NA,NA,6,15,13,8,3,7,14,18,18,19,24,20,27,12,31,30,33,25,47,27,17,28,16,11,11,48,44,15,24,12,12,56,67,86,103,93,90,77,76,70,30,16,24,29,36,40,53,53,33,36,70,111,101,52,43,48,39,48,46,47,46,48,24,28,32,36,13,29,16,5,5,4,1,NA,6,NA,1,NA
"19",NA,NA,15,15,17,12,16,9,11,6,4,13,1,24,12,11,12,5,18,NA,NA,5,12,16,8,2,6,13,19,17,21,23,19,28,13,26,26,34,23,44,27,17,29,17,13,18,48,47,15,23,13,13,52,56,92,106,91,96,83,73,61,33,12,27,33,32,40,50,56,34,32,63,107,109,66,38,47,45,50,47,49,45,44,22,29,34,32,14,34,19,5,5,3,1,NA,4,NA,1,NA
"20",NA,NA,15,16,14,10,17,9,9,10,4,12,3,23,11,10,9,6,18,NA,NA,6,11,20,8,3,5,15,17,18,19,18,17,28,10,31,29,31,28,42,23,13,29,20,15,13,52,47,13,31,12,11,55,58,99,106,87,98,75,81,69,37,15,21,33,31,41,47,52,38,37,76,109,101,59,34,46,41,50,49,40,47,45,22,30,32,36,14,35,16,5,5,3,1,NA,4,NA,1,NA
"21",NA,NA,11,15,11,12,16,8,10,7,4,12,2,22,10,9,10,7,18,NA,NA,6,14,11,10,2,4,13,20,16,21,20,20,28,15,29,27,36,27,42,25,13,28,17,13,11,51,47,14,22,14,12,55,60,94,106,86,103,91,79,63,34,13,27,34,37,41,51,58,30,38,74,102,98,64,46,48,44,48,48,46,48,52,18,37,33,37,13,28,15,5,5,5,1,NA,4,NA,1,NA
"22",NA,NA,12,17,14,10,17,9,12,9,5,11,2,23,10,10,12,5,15,NA,NA,7,10,17,9,2,4,16,17,21,18,18,19,28,10,28,28,34,28,41,28,16,20,17,14,18,48,45,15,20,17,12,58,60,91,100,93,91,81,79,67,32,10,27,29,34,37,44,55,33,35,73,101,107,58,42,45,41,42,50,44,46,50,24,31,30,36,14,34,20,5,5,3,1,NA,3,NA,1,NA
"23",NA,NA,10,15,15,9,17,8,11,7,4,14,4,22,11,9,8,5,19,NA,NA,5,13,17,9,2,5,13,18,20,19,20,17,24,12,31,24,28,26,40,24,17,21,18,12,15,46,47,14,24,12,12,59,58,88,106,90,91,68,70,66,29,11,25,38,36,34,50,49,30,33,70,110,102,60,36,47,44,55,52,43,43,41,26,34,35,35,17,31,18,4,5,3,1,NA,4,NA,1,NA
"24",NA,NA,10,14,12,10,19,8,11,12,4,13,1,21,10,10,10,5,18,NA,NA,5,15,16,8,3,5,11,16,18,20,19,17,27,11,28,31,31,27,44,26,15,20,14,11,14,49,46,18,28,13,10,51,57,92,104,92,88,79,78,58,33,14,26,29,29,37,52,60,29,31,65,99,102,65,43,45,42,44,47,45,50,45,24,34,29,32,13,37,15,5,5,5,1,NA,3,NA,1,NA
"25",NA,NA,13,18,17,10,18,8,10,9,5,14,6,23,11,10,12,6,18,NA,NA,5,14,15,9,3,4,14,19,18,22,21,19,25,13,28,29,35,28,41,25,19,32,17,16,15,57,44,16,28,13,14,59,54,86,104,92,95,84,75,62,34,15,21,28,27,41,60,52,32,32,74,104,112,52,39,43,42,45,46,47,48,42,23,37,35,33,12,36,18,4,5,5,1,NA,4,NA,1,NA
"26",NA,NA,10,14,15,10,17,9,10,8,5,12,3,21,10,12,11,5,19,NA,NA,6,14,15,8,3,6,13,16,20,20,21,22,25,13,26,30,34,24,47,22,15,25,13,13,17,47,49,16,27,13,12,62,54,92,100,89,93,78,82,62,28,12,30,33,32,42,48,53,30,32,76,106,105,57,47,47,39,51,54,44,44,45,22,33,31,41,12,34,19,4,5,4,1,NA,3,NA,1,NA
"27",NA,NA,16,18,11,10,14,8,9,8,5,12,2,23,12,9,10,5,15,NA,NA,6,12,17,7,3,3,13,19,18,20,20,22,27,15,29,32,34,26,44,27,14,24,20,11,13,52,44,18,22,15,16,61,52,93,103,88,87,82,67,69,32,13,27,33,33,40,45,46,39,30,80,100,99,50,37,41,39,50,45,45,53,55,25,34,27,35,14,30,15,5,5,3,1,NA,5,NA,1,NA
"28",NA,NA,13,16,16,10,14,11,12,7,4,12,2,18,12,10,13,6,16,NA,NA,6,17,20,8,2,3,12,18,18,21,22,18,30,10,28,29,30,26,45,25,17,24,18,9,17,46,40,15,23,13,14,53,57,98,106,97,98,82,81,66,27,13,29,36,32,44,53,50,33,35,85,99,108,57,45,48,39,47,48,47,46,45,24,29,33,33,14,30,17,5,5,8,1,NA,4,NA,1,NA
"29",NA,NA,11,16,18,11,17,8,10,8,4,10,2,24,11,13,10,5,14,NA,NA,7,17,15,7,2,5,13,21,17,21,21,19,26,11,29,27,34,27,41,26,16,28,19,10,13,43,41,14,22,12,13,57,75,107,97,95,92,82,74,61,27,16,29,28,41,40,45,58,39,36,76,106,99,50,37,48,42,55,46,45,54,47,27,35,32,31,17,32,18,4,5,3,1,NA,3,NA,1,NA
"30",NA,NA,10,16,15,10,16,9,9,7,7,12,1,20,9,11,10,8,14,NA,NA,6,17,17,8,2,4,12,19,17,19,21,19,28,14,25,29,33,26,42,26,15,23,14,12,12,47,47,14,26,13,12,54,59,85,95,90,105,83,79,64,29,14,26,32,30,39,54,54,38,34,73,108,101,57,43,44,42,49,47,48,48,48,22,36,34,34,13,35,15,5,5,5,1,NA,3,NA,1,NA
"31",NA,NA,11,15,13,11,15,11,8,7,4,12,1,20,11,9,11,6,19,NA,NA,6,14,14,8,2,4,14,18,19,19,20,19,26,16,28,34,36,28,48,24,16,22,19,13,17,45,39,16,24,13,10,59,59,90,105,94,95,81,81,60,33,12,31,31,30,37,50,51,30,32,72,105,110,54,41,44,39,45,46,44,48,48,25,30,33,35,14,33,18,4,5,6,1,NA,3,NA,1,NA
"32",NA,NA,12,14,16,10,16,9,10,8,4,14,1,24,10,15,12,5,17,NA,NA,7,14,14,9,3,4,14,20,16,20,21,15,28,15,29,28,37,29,42,23,14,24,21,11,12,50,48,12,26,11,11,53,63,96,99,88,98,93,80,70,25,14,26,27,29,45,52,47,33,43,71,102,107,61,51,51,45,45,49,48,44,37,28,37,31,32,15,33,22,4,5,4,1,NA,5,NA,1,NA
"33",NA,NA,10,16,17,10,16,8,11,7,4,13,1,23,11,10,15,6,15,NA,NA,6,13,17,7,3,5,14,19,15,21,22,20,29,12,28,30,43,24,44,23,18,23,18,12,16,50,45,21,23,12,9,53,57,90,95,94,98,82,83,68,30,14,27,33,29,36,47,53,35,35,78,102,103,61,41,42,44,45,51,42,44,48,22,35,32,36,14,34,21,5,5,4,1,NA,4,NA,1,NA
"34",NA,NA,11,16,13,11,15,8,11,8,4,14,1,19,12,13,13,5,18,NA,NA,5,16,16,9,2,6,16,20,15,19,21,17,24,12,29,24,30,27,54,27,14,22,16,12,15,45,45,12,25,13,11,55,62,104,100,87,97,88,90,63,29,11,27,32,30,36,57,57,31,33,68,103,104,57,32,48,41,42,53,47,51,52,24,32,36,36,16,30,21,4,5,6,1,NA,4,NA,1,NA
"35",NA,NA,12,14,18,10,15,9,9,9,4,14,2,20,11,9,11,6,15,NA,NA,5,17,17,7,3,5,14,22,16,21,23,18,27,13,29,26,35,25,44,24,12,27,14,16,13,50,42,14,22,14,13,55,57,96,100,93,103,89,82,64,36,13,29,27,31,35,49,49,32,39,71,105,113,57,41,45,38,43,49,47,43,46,23,29,39,40,14,35,20,4,5,6,1,NA,3,NA,1,NA
"36",NA,NA,10,16,14,10,16,8,11,5,5,12,2,22,10,9,10,5,17,NA,NA,6,15,23,10,4,6,14,20,16,19,20,19,24,15,29,29,33,23,42,26,22,25,15,13,10,49,42,16,23,12,12,52,61,90,104,87,96,81,78,72,30,12,24,32,30,38,47,49,30,33,69,101,101,68,41,48,38,45,50,49,48,44,22,28,29,36,14,36,17,4,5,5,1,NA,4,NA,1,NA
"37",NA,NA,12,16,14,10,16,8,9,6,4,15,1,23,10,10,9,8,16,NA,NA,6,15,17,9,2,7,10,16,19,19,21,17,29,13,28,37,36,25,41,25,15,25,17,12,10,46,48,20,24,15,15,53,58,92,105,90,100,89,82,64,31,11,25,31,31,36,49,48,36,38,75,101,101,48,50,43,43,52,44,50,49,46,26,32,36,34,13,32,18,5,5,5,1,NA,4,NA,1,NA
"38",NA,NA,12,14,14,10,17,10,10,6,4,12,1,22,11,10,11,5,15,NA,NA,6,13,18,8,3,6,18,19,14,19,19,18,25,15,29,34,33,20,44,24,15,23,15,13,14,45,43,16,22,14,14,60,60,89,106,88,96,85,82,61,31,15,27,36,29,40,50,49,30,43,68,97,102,58,39,48,41,45,51,47,48,49,28,37,32,41,14,30,16,4,5,5,1,NA,3,NA,1,NA
"39",NA,NA,11,18,16,9,20,8,11,6,5,14,1,21,10,9,12,7,15,NA,NA,5,12,14,8,3,4,17,16,17,18,19,21,25,11,28,34,32,25,45,26,14,28,17,13,13,46,47,20,28,12,10,56,70,101,100,91,105,70,79,60,36,14,23,40,31,37,44,59,32,36,78,114,104,59,45,45,41,53,50,44,51,43,24,37,33,32,15,33,19,4,5,4,1,NA,4,NA,1,NA
"40",NA,NA,13,17,14,10,16,10,8,7,5,10,1,24,12,12,10,6,17,NA,NA,5,15,14,8,3,8,13,18,18,20,23,19,25,12,31,30,34,25,42,26,15,23,15,12,16,46,44,20,25,15,14,49,57,93,106,98,101,77,86,68,29,14,30,30,31,42,47,47,30,34,75,104,106,64,42,49,41,50,41,46,49,44,23,29,30,34,16,37,23,4,5,4,1,NA,3,NA,1,NA
"41",NA,NA,12,14,14,9,18,9,9,7,4,11,1,22,10,12,10,5,13,NA,NA,5,16,15,8,3,6,14,18,16,20,22,19,27,12,28,29,39,26,43,26,16,31,20,14,14,49,41,15,28,12,10,50,60,84,102,93,104,72,78,65,32,17,31,30,29,43,50,58,30,36,76,105,98,54,40,43,40,51,45,42,51,47,24,26,31,40,15,33,16,5,5,5,1,NA,5,NA,1,NA
"42",NA,NA,11,15,18,9,15,8,10,6,5,13,2,22,11,10,10,7,18,NA,NA,5,12,18,7,3,6,12,19,17,20,18,17,26,14,30,28,37,30,46,27,20,28,17,12,13,46,48,17,26,13,11,61,48,90,103,95,94,79,79,70,36,13,31,31,35,37,55,49,28,33,71,103,99,61,36,43,38,51,45,50,47,50,30,32,32,39,14,38,17,6,5,4,1,NA,3,NA,1,NA
"43",NA,NA,10,17,13,11,17,9,11,6,7,15,1,19,11,12,9,6,15,NA,NA,5,12,19,7,2,4,16,14,16,19,18,20,25,16,29,29,34,29,48,27,13,23,18,15,12,46,50,14,27,14,12,55,59,95,93,88,89,78,70,59,30,12,22,30,30,39,46,51,35,28,74,108,105,60,37,45,44,47,49,55,45,44,25,32,34,36,14,30,18,5,5,6,1,NA,3,NA,1,NA
"44",NA,NA,9,15,12,10,17,8,11,7,5,13,1,23,9,10,10,5,18,NA,NA,6,14,15,8,3,7,13,18,16,20,21,21,28,11,28,30,29,23,45,29,12,21,21,13,15,51,43,13,23,13,13,59,63,83,108,101,98,83,79,68,29,13,27,32,37,34,49,50,31,39,71,107,106,54,42,45,40,43,51,41,50,43,25,35,32,39,10,28,21,4,5,5,1,NA,4,NA,1,NA
"45",NA,NA,11,15,14,12,17,9,13,6,4,12,1,20,11,10,10,6,15,NA,NA,5,12,21,7,3,4,15,15,15,21,21,22,27,14,26,29,39,26,44,32,20,31,16,13,9,50,47,12,27,14,10,58,55,103,92,93,99,86,82,61,41,16,30,31,32,45,49,55,33,30,73,106,99,60,38,44,43,48,46,44,45,46,27,32,35,39,13,34,15,5,5,6,1,NA,4,NA,1,NA
"46",NA,NA,13,16,17,11,16,8,9,9,4,11,3,23,12,12,10,6,13,NA,NA,6,15,16,8,3,4,16,21,21,21,22,15,26,15,30,36,29,31,41,28,16,22,16,13,13,54,43,13,24,15,12,56,62,96,105,86,100,79,77,70,34,12,23,30,31,49,46,59,33,28,72,94,102,61,42,44,42,47,51,48,45,46,25,33,30,38,16,29,18,4,5,5,1,NA,4,NA,1,NA
"47",NA,NA,12,16,11,11,15,9,8,5,4,13,4,22,12,10,13,6,16,NA,NA,5,15,18,10,4,10,15,19,17,19,19,18,24,16,30,33,29,29,44,25,13,23,18,10,11,50,44,14,24,11,13,66,62,98,102,90,105,85,85,64,29,11,25,29,32,41,47,50,32,32,70,103,102,64,37,46,37,49,46,42,51,50,26,36,30,34,14,37,18,5,5,4,1,NA,4,NA,1,NA
"48",NA,NA,8,15,14,11,15,9,11,8,4,12,2,24,11,10,8,5,18,NA,NA,6,11,15,9,4,6,11,17,17,22,27,17,27,16,31,31,30,28,50,29,16,26,15,16,14,46,49,11,26,15,10,52,62,87,95,91,102,80,85,65,37,13,28,30,37,38,53,53,26,32,68,105,110,60,39,44,40,53,50,46,49,46,21,42,33,34,13,29,15,5,5,5,1,NA,4,NA,1,NA
"49",NA,NA,11,18,14,11,16,11,13,8,4,11,2,21,10,13,12,4,17,NA,NA,6,15,19,8,2,5,15,15,15,20,23,13,28,16,27,27,30,29,41,23,12,27,17,10,17,50,41,22,25,14,11,53,55,95,104,96,90,83,74,67,32,11,24,28,33,40,54,52,33,37,68,101,107,58,43,47,42,50,49,42,48,49,25,36,32,34,12,37,16,5,5,4,1,NA,4,NA,1,NA
"50",NA,NA,12,15,13,10,15,8,11,5,4,12,1,22,10,11,9,6,17,NA,NA,6,15,17,9,2,5,16,18,14,20,19,19,29,15,29,29,31,26,44,24,12,21,16,11,14,48,50,14,26,17,12,58,63,94,100,86,101,79,80,63,33,16,22,34,32,40,45,59,33,31,70,106,109,59,38,44,45,49,45,45,52,46,23,37,31,32,13,32,17,4,5,7,1,NA,3,NA,1,NA
