"","1","2","3","4","5","6","7","8","9","10","11","12","13","14","15","16","17","18","19","20","21","22","23","24","25","26","27","28","29","30","31","32","33","34","35","36","37","38","39","40","41","42","43","44","45","46","47","48","49","50","51","52","53","54","55","56","57","58","59","60","61","62","63","64","65","66","67","68","69","70","71","72","73","74","75","76","77","78","79","80","81","82","83","84","85","86","87","88","89","90","93","94","97","98","99","100"
"",NA,NA,NA,NA,NA,NA,NA,NA,NA,NA,NA,NA,NA,NA,NA,NA,NA,NA,NA,NA,NA,NA,NA,NA,NA,NA,NA,NA,NA,NA,NA,NA,NA,NA,NA,NA,NA,NA,NA,NA,NA,NA,NA,NA,NA,1,4,15,13,7,13,4,2,NA,NA,4,1,NA,NA,1,1,4,7,8,9,NA,6,6,7,5,4,5,10,9,12,6,8,7,4,6,10,8,8,15,16,26,35,13,16,21,NA,4,3,3,NA,1
"",NA,NA,NA,NA,NA,NA,NA,NA,NA,NA,NA,NA,NA,NA,NA,NA,NA,NA,NA,NA,NA,NA,NA,NA,NA,NA,NA,NA,NA,NA,NA,NA,NA,NA,NA,NA,NA,NA,NA,NA,NA,NA,NA,NA,NA,1,5,10,13,8,14,5,1,NA,NA,3,1,NA,NA,1,1,3,8,10,11,NA,8,7,8,4,4,4,4,7,11,8,8,4,5,5,7,8,8,14,15,25,34,15,15,25,NA,6,3,1,NA,1
"",NA,NA,NA,NA,NA,NA,NA,NA,NA,NA,NA,NA,NA,NA,NA,NA,NA,NA,NA,NA,NA,NA,NA,NA,NA,NA,NA,NA,NA,NA,NA,NA,NA,NA,NA,NA,NA,NA,NA,NA,NA,NA,NA,NA,NA,1,3,8,9,5,11,4,2,NA,NA,3,1,NA,NA,1,1,3,7,7,10,NA,6,8,6,3,3,3,4,10,10,6,8,5,6,6,9,9,8,13,15,28,31,16,17,21,NA,3,3,2,NA,1
"",NA,NA,NA,NA,NA,NA,NA,NA,NA,NA,NA,NA,NA,NA,NA,NA,NA,NA,NA,NA,NA,NA,NA,NA,NA,NA,NA,NA,NA,NA,NA,NA,NA,NA,NA,NA,NA,NA,NA,NA,NA,NA,NA,NA,NA,1,3,11,10,5,11,3,1,NA,NA,3,1,NA,NA,1,1,3,7,9,12,NA,7,7,5,3,4,9,5,9,11,6,7,7,6,6,9,7,9,13,12,27,37,14,14,23,NA,3,3,1,NA,1
"",NA,NA,NA,NA,NA,NA,NA,NA,NA,NA,NA,NA,NA,NA,NA,NA,NA,NA,NA,NA,NA,NA,NA,NA,NA,NA,NA,NA,NA,NA,NA,NA,NA,NA,NA,NA,NA,NA,NA,NA,NA,NA,NA,NA,NA,1,4,9,12,5,11,3,1,NA,NA,3,1,NA,NA,1,1,4,7,7,11,NA,7,7,6,4,3,5,6,7,9,8,8,10,5,5,8,8,6,14,16,26,32,18,17,22,NA,3,3,1,NA,1
"",NA,NA,NA,NA,NA,NA,NA,NA,NA,NA,NA,NA,NA,NA,NA,NA,NA,NA,NA,NA,NA,NA,NA,NA,NA,NA,NA,NA,NA,NA,NA,NA,NA,NA,NA,NA,NA,NA,NA,NA,NA,NA,NA,NA,NA,1,5,11,11,7,14,5,1,NA,NA,3,1,NA,NA,1,1,5,7,7,11,NA,6,8,7,7,3,4,6,7,13,7,9,9,8,6,12,9,7,14,15,26,32,12,17,22,NA,4,3,1,NA,1
"",NA,NA,NA,NA,NA,NA,NA,NA,NA,NA,NA,NA,NA,NA,NA,NA,NA,NA,NA,NA,NA,NA,NA,NA,NA,NA,NA,NA,NA,NA,NA,NA,NA,NA,NA,NA,NA,NA,NA,NA,NA,NA,NA,NA,NA,1,4,11,13,4,15,5,1,NA,NA,2,1,NA,NA,1,1,3,7,11,9,NA,7,12,7,3,3,6,5,8,10,6,6,4,5,5,8,7,9,14,15,30,36,13,18,24,NA,6,3,1,NA,1
"",NA,NA,NA,NA,NA,NA,NA,NA,NA,NA,NA,NA,NA,NA,NA,NA,NA,NA,NA,NA,NA,NA,NA,NA,NA,NA,NA,NA,NA,NA,NA,NA,NA,NA,NA,NA,NA,NA,NA,NA,NA,NA,NA,NA,NA,1,7,13,12,6,10,5,1,NA,NA,2,1,NA,NA,1,1,4,7,9,11,NA,7,11,7,5,3,5,6,8,12,7,6,5,5,5,9,6,7,17,14,24,35,17,15,28,NA,5,3,1,NA,1
"",NA,NA,NA,NA,NA,NA,NA,NA,NA,NA,NA,NA,NA,NA,NA,NA,NA,NA,NA,NA,NA,NA,NA,NA,NA,NA,NA,NA,NA,NA,NA,NA,NA,NA,NA,NA,NA,NA,NA,NA,NA,NA,NA,NA,NA,1,4,10,9,5,14,5,1,NA,NA,2,1,NA,NA,1,1,3,7,8,9,NA,7,8,7,5,7,5,4,8,11,6,7,4,5,5,8,10,10,13,13,25,35,13,14,21,NA,5,3,1,NA,1
"",NA,NA,NA,NA,NA,NA,NA,NA,NA,NA,NA,NA,NA,NA,NA,NA,NA,NA,NA,NA,NA,NA,NA,NA,NA,NA,NA,NA,NA,NA,NA,NA,NA,NA,NA,NA,NA,NA,NA,NA,NA,NA,NA,NA,NA,1,3,10,12,5,10,5,1,NA,NA,2,1,NA,NA,1,1,3,9,10,11,NA,6,6,7,5,5,4,4,8,10,8,7,4,7,6,11,8,7,13,17,27,36,15,18,21,NA,4,3,1,NA,1
"",NA,NA,NA,NA,NA,NA,NA,NA,NA,NA,NA,NA,NA,NA,NA,NA,NA,NA,NA,NA,NA,NA,NA,NA,NA,NA,NA,NA,NA,NA,NA,NA,NA,NA,NA,NA,NA,NA,NA,NA,NA,NA,NA,NA,NA,1,4,11,11,8,11,5,3,NA,NA,3,1,NA,NA,1,1,4,9,9,10,NA,7,8,4,6,4,3,4,9,10,6,6,7,5,5,10,9,7,17,11,28,35,13,16,22,NA,4,3,2,NA,1
"",NA,NA,NA,NA,NA,NA,NA,NA,NA,NA,NA,NA,NA,NA,NA,NA,NA,NA,NA,NA,NA,NA,NA,NA,NA,NA,NA,NA,NA,NA,NA,NA,NA,NA,NA,NA,NA,NA,NA,NA,NA,NA,NA,NA,NA,1,4,13,15,6,13,5,2,NA,NA,3,1,NA,NA,1,1,3,7,9,8,NA,8,7,5,5,5,5,5,7,10,7,6,7,6,5,10,9,7,15,17,29,36,16,19,24,NA,3,3,1,NA,1
"",NA,NA,NA,NA,NA,NA,NA,NA,NA,NA,NA,NA,NA,NA,NA,NA,NA,NA,NA,NA,NA,NA,NA,NA,NA,NA,NA,NA,NA,NA,NA,NA,NA,NA,NA,NA,NA,NA,NA,NA,NA,NA,NA,NA,NA,2,4,10,12,6,10,4,1,NA,NA,3,1,NA,NA,1,1,3,8,9,10,NA,7,8,11,5,3,4,3,10,11,7,8,5,4,4,12,7,7,14,12,28,31,12,17,21,NA,4,3,1,NA,1
"",NA,NA,NA,NA,NA,NA,NA,NA,NA,NA,NA,NA,NA,NA,NA,NA,NA,NA,NA,NA,NA,NA,NA,NA,NA,NA,NA,NA,NA,NA,NA,NA,NA,NA,NA,NA,NA,NA,NA,NA,NA,NA,NA,NA,NA,1,3,12,16,5,12,4,1,NA,NA,3,1,NA,NA,1,1,3,8,9,10,NA,8,7,8,3,2,4,4,8,8,6,5,6,6,5,10,9,7,13,13,28,36,14,14,23,NA,4,3,2,NA,1
"",NA,NA,NA,NA,NA,NA,NA,NA,NA,NA,NA,NA,NA,NA,NA,NA,NA,NA,NA,NA,NA,NA,NA,NA,NA,NA,NA,NA,NA,NA,NA,NA,NA,NA,NA,NA,NA,NA,NA,NA,NA,NA,NA,NA,NA,1,8,8,14,8,11,5,1,NA,NA,4,1,NA,NA,1,1,3,7,9,11,NA,8,7,6,9,3,5,11,10,12,7,7,7,5,5,10,9,8,16,14,27,33,15,16,22,NA,4,3,1,NA,1
"",NA,NA,NA,NA,NA,NA,NA,NA,NA,NA,NA,NA,NA,NA,NA,NA,NA,NA,NA,NA,NA,NA,NA,NA,NA,NA,NA,NA,NA,NA,NA,NA,NA,NA,NA,NA,NA,NA,NA,NA,NA,NA,NA,NA,NA,1,6,13,12,7,10,5,2,NA,NA,3,1,NA,NA,1,1,3,8,10,11,NA,7,10,11,6,3,4,6,7,13,8,9,7,7,6,11,8,9,12,16,25,33,12,18,23,NA,4,3,1,NA,1
"",NA,NA,NA,NA,NA,NA,NA,NA,NA,NA,NA,NA,NA,NA,NA,NA,NA,NA,NA,NA,NA,NA,NA,NA,NA,NA,NA,NA,NA,NA,NA,NA,NA,NA,NA,NA,NA,NA,NA,NA,NA,NA,NA,NA,NA,1,3,12,11,7,16,5,1,NA,NA,4,1,NA,NA,1,1,3,7,8,10,NA,8,7,8,5,4,5,5,9,11,5,8,5,6,5,10,7,9,16,15,26,35,14,15,22,NA,6,3,3,NA,1
"",NA,NA,NA,NA,NA,NA,NA,NA,NA,NA,NA,NA,NA,NA,NA,NA,NA,NA,NA,NA,NA,NA,NA,NA,NA,NA,NA,NA,NA,NA,NA,NA,NA,NA,NA,NA,NA,NA,NA,NA,NA,NA,NA,NA,NA,2,5,13,11,6,12,4,2,NA,NA,2,1,NA,NA,1,1,3,8,9,8,NA,8,8,6,5,3,5,4,9,9,8,6,5,7,5,9,6,8,18,19,26,35,14,18,23,NA,4,3,1,NA,1
"",NA,NA,NA,NA,NA,NA,NA,NA,NA,NA,NA,NA,NA,NA,NA,NA,NA,NA,NA,NA,NA,NA,NA,NA,NA,NA,NA,NA,NA,NA,NA,NA,NA,NA,NA,NA,NA,NA,NA,NA,NA,NA,NA,NA,NA,1,6,11,13,4,11,6,1,NA,NA,3,1,NA,NA,1,1,3,8,8,8,NA,6,11,5,8,3,3,4,11,11,7,7,4,5,6,12,10,7,14,18,25,40,14,17,23,NA,5,3,1,NA,1
"",NA,NA,NA,NA,NA,NA,NA,NA,NA,NA,NA,NA,NA,NA,NA,NA,NA,NA,NA,NA,NA,NA,NA,NA,NA,NA,NA,NA,NA,NA,NA,NA,NA,NA,NA,NA,NA,NA,NA,NA,NA,NA,NA,NA,NA,2,5,15,10,6,13,3,1,NA,NA,2,1,NA,NA,1,1,3,8,8,9,NA,7,10,11,6,3,5,4,7,11,8,8,7,5,5,7,8,8,13,18,26,33,13,16,23,NA,7,3,1,NA,1
"",NA,NA,NA,NA,NA,NA,NA,NA,NA,NA,NA,NA,NA,NA,NA,NA,NA,NA,NA,NA,NA,NA,NA,NA,NA,NA,NA,NA,NA,NA,NA,NA,NA,NA,NA,NA,NA,NA,NA,NA,NA,NA,NA,NA,NA,1,8,12,11,5,12,3,2,NA,NA,3,1,NA,NA,1,1,3,9,9,10,NA,7,10,5,4,2,7,3,9,9,6,7,6,7,6,10,9,9,16,13,25,36,16,16,21,NA,3,3,1,NA,1
"",NA,NA,NA,NA,NA,NA,NA,NA,NA,NA,NA,NA,NA,NA,NA,NA,NA,NA,NA,NA,NA,NA,NA,NA,NA,NA,NA,NA,NA,NA,NA,NA,NA,NA,NA,NA,NA,NA,NA,NA,NA,NA,NA,NA,NA,1,5,14,12,5,15,3,1,NA,NA,2,1,NA,NA,1,1,3,9,8,9,NA,6,6,5,5,5,3,5,9,12,6,6,7,6,6,9,9,6,12,13,28,34,13,18,21,NA,4,3,1,NA,1
"",NA,NA,NA,NA,NA,NA,NA,NA,NA,NA,NA,NA,NA,NA,NA,NA,NA,NA,NA,NA,NA,NA,NA,NA,NA,NA,NA,NA,NA,NA,NA,NA,NA,NA,NA,NA,NA,NA,NA,NA,NA,NA,NA,NA,NA,1,6,12,10,6,13,5,1,NA,NA,2,1,NA,NA,1,1,4,8,8,8,NA,6,6,5,4,2,5,5,9,10,8,6,4,5,6,8,9,8,12,13,27,32,14,19,22,NA,5,3,1,NA,1
"",NA,NA,NA,NA,NA,NA,NA,NA,NA,NA,NA,NA,NA,NA,NA,NA,NA,NA,NA,NA,NA,NA,NA,NA,NA,NA,NA,NA,NA,NA,NA,NA,NA,NA,NA,NA,NA,NA,NA,NA,NA,NA,NA,NA,NA,2,5,12,12,5,16,6,2,NA,NA,3,1,NA,NA,1,1,5,8,8,10,NA,6,8,6,6,5,5,4,7,10,10,8,8,7,5,9,12,6,13,14,24,38,13,17,20,NA,4,3,1,NA,1
"",NA,NA,NA,NA,NA,NA,NA,NA,NA,NA,NA,NA,NA,NA,NA,NA,NA,NA,NA,NA,NA,NA,NA,NA,NA,NA,NA,NA,NA,NA,NA,NA,NA,NA,NA,NA,NA,NA,NA,NA,NA,NA,NA,NA,NA,1,5,10,12,6,11,4,2,NA,NA,3,1,NA,NA,1,1,4,8,8,10,NA,7,7,7,8,3,3,3,9,8,7,8,6,5,6,9,12,6,13,13,26,33,16,16,23,NA,4,3,1,NA,1
"",NA,NA,NA,NA,NA,NA,NA,NA,NA,NA,NA,NA,NA,NA,NA,NA,NA,NA,NA,NA,NA,NA,NA,NA,NA,NA,NA,NA,NA,NA,NA,NA,NA,NA,NA,NA,NA,NA,NA,NA,NA,NA,NA,NA,NA,1,4,9,13,5,13,4,1,NA,NA,2,1,NA,NA,1,1,3,10,8,9,NA,7,7,6,4,3,4,4,8,12,9,8,6,6,4,9,6,6,13,15,26,31,13,17,23,NA,4,3,2,NA,1
"",NA,NA,NA,NA,NA,NA,NA,NA,NA,NA,NA,NA,NA,NA,NA,NA,NA,NA,NA,NA,NA,NA,NA,NA,NA,NA,NA,NA,NA,NA,NA,NA,NA,NA,NA,NA,NA,NA,NA,NA,NA,NA,NA,NA,NA,3,5,10,13,7,10,4,1,NA,NA,3,1,NA,NA,1,1,3,7,8,9,NA,8,7,6,4,3,7,4,11,9,7,6,5,5,5,10,9,5,16,15,26,34,15,17,22,NA,3,3,1,NA,1
"",NA,NA,NA,NA,NA,NA,NA,NA,NA,NA,NA,NA,NA,NA,NA,NA,NA,NA,NA,NA,NA,NA,NA,NA,NA,NA,NA,NA,NA,NA,NA,NA,NA,NA,NA,NA,NA,NA,NA,NA,NA,NA,NA,NA,NA,2,5,13,11,6,11,4,1,NA,NA,2,1,NA,NA,1,1,4,9,8,10,NA,7,8,6,7,3,7,5,7,8,10,6,7,4,6,11,11,7,14,15,25,31,14,16,23,NA,5,3,2,NA,1
"",NA,NA,NA,NA,NA,NA,NA,NA,NA,NA,NA,NA,NA,NA,NA,NA,NA,NA,NA,NA,NA,NA,NA,NA,NA,NA,NA,NA,NA,NA,NA,NA,NA,NA,NA,NA,NA,NA,NA,NA,NA,NA,NA,NA,NA,1,4,13,12,7,14,4,1,NA,NA,2,1,NA,NA,1,1,4,8,9,11,NA,6,9,6,4,4,4,4,10,10,6,10,4,5,5,9,7,7,15,16,26,34,13,18,22,NA,4,3,1,NA,1
"",NA,NA,NA,NA,NA,NA,NA,NA,NA,NA,NA,NA,NA,NA,NA,NA,NA,NA,NA,NA,NA,NA,NA,NA,NA,NA,NA,NA,NA,NA,NA,NA,NA,NA,NA,NA,NA,NA,NA,NA,NA,NA,NA,NA,NA,2,3,10,12,6,11,3,1,NA,NA,3,1,NA,NA,1,1,4,7,9,12,NA,7,9,7,9,3,6,5,11,9,6,6,6,6,6,11,11,6,13,15,29,37,15,17,19,NA,3,3,1,NA,1
"",NA,NA,NA,NA,NA,NA,NA,NA,NA,NA,NA,NA,NA,NA,NA,NA,NA,NA,NA,NA,NA,NA,NA,NA,NA,NA,NA,NA,NA,NA,NA,NA,NA,NA,NA,NA,NA,NA,NA,NA,NA,NA,NA,NA,NA,1,6,9,15,6,9,4,1,NA,NA,3,1,NA,NA,1,1,3,8,9,11,NA,7,7,5,4,3,3,4,9,10,7,10,5,5,7,11,7,7,15,14,23,32,17,16,22,NA,3,3,1,NA,1
"",NA,NA,NA,NA,NA,NA,NA,NA,NA,NA,NA,NA,NA,NA,NA,NA,NA,NA,NA,NA,NA,NA,NA,NA,NA,NA,NA,NA,NA,NA,NA,NA,NA,NA,NA,NA,NA,NA,NA,NA,NA,NA,NA,NA,NA,2,4,9,15,5,14,4,1,NA,NA,2,1,NA,NA,1,1,3,7,8,11,NA,6,7,5,5,3,5,5,8,9,7,6,6,4,6,7,8,7,13,14,29,31,16,16,26,NA,3,3,1,NA,1
"",NA,NA,NA,NA,NA,NA,NA,NA,NA,NA,NA,NA,NA,NA,NA,NA,NA,NA,NA,NA,NA,NA,NA,NA,NA,NA,NA,NA,NA,NA,NA,NA,NA,NA,NA,NA,NA,NA,NA,NA,NA,NA,NA,NA,NA,1,5,16,10,6,12,6,2,NA,NA,3,1,NA,NA,1,1,3,7,8,10,NA,8,6,6,8,3,6,6,9,9,8,8,7,6,5,9,10,7,15,15,26,35,16,15,25,NA,3,3,2,NA,1
"",NA,NA,NA,NA,NA,NA,NA,NA,NA,NA,NA,NA,NA,NA,NA,NA,NA,NA,NA,NA,NA,NA,NA,NA,NA,NA,NA,NA,NA,NA,NA,NA,NA,NA,NA,NA,NA,NA,NA,NA,NA,NA,NA,NA,NA,1,5,12,10,7,12,4,1,NA,NA,3,1,NA,NA,1,1,4,9,9,11,NA,7,9,6,4,5,3,5,11,12,8,8,6,5,4,8,7,6,15,14,26,33,14,18,28,NA,3,3,2,NA,1
"",NA,NA,NA,NA,NA,NA,NA,NA,NA,NA,NA,NA,NA,NA,NA,NA,NA,NA,NA,NA,NA,NA,NA,NA,NA,NA,NA,NA,NA,NA,NA,NA,NA,NA,NA,NA,NA,NA,NA,NA,NA,NA,NA,NA,NA,1,3,9,11,8,10,4,1,NA,NA,4,1,NA,NA,1,1,3,8,8,9,NA,8,7,7,7,3,3,5,7,12,8,6,6,5,5,12,10,7,14,17,23,34,16,15,24,NA,4,3,1,NA,1
"",NA,NA,NA,NA,NA,NA,NA,NA,NA,NA,NA,NA,NA,NA,NA,NA,NA,NA,NA,NA,NA,NA,NA,NA,NA,NA,NA,NA,NA,NA,NA,NA,NA,NA,NA,NA,NA,NA,NA,NA,NA,NA,NA,NA,NA,1,4,14,12,5,12,5,1,NA,NA,2,1,NA,NA,1,1,4,9,10,9,NA,7,7,8,5,3,6,5,8,12,8,9,7,6,5,9,9,8,14,14,26,30,14,16,21,NA,4,3,1,NA,1
"",NA,NA,NA,NA,NA,NA,NA,NA,NA,NA,NA,NA,NA,NA,NA,NA,NA,NA,NA,NA,NA,NA,NA,NA,NA,NA,NA,NA,NA,NA,NA,NA,NA,NA,NA,NA,NA,NA,NA,NA,NA,NA,NA,NA,NA,2,7,11,14,5,15,4,2,NA,NA,3,1,NA,NA,1,1,4,8,10,9,NA,7,7,5,5,3,6,4,9,10,7,9,6,6,6,7,7,6,12,16,24,32,13,17,18,NA,4,3,1,NA,1
"",NA,NA,NA,NA,NA,NA,NA,NA,NA,NA,NA,NA,NA,NA,NA,NA,NA,NA,NA,NA,NA,NA,NA,NA,NA,NA,NA,NA,NA,NA,NA,NA,NA,NA,NA,NA,NA,NA,NA,NA,NA,NA,NA,NA,NA,1,3,14,13,5,12,4,1,NA,NA,3,1,NA,NA,1,1,3,8,9,11,NA,6,10,5,6,3,5,4,7,10,10,10,7,5,5,10,10,7,14,14,26,32,16,14,22,NA,4,3,1,NA,1
"",NA,NA,NA,NA,NA,NA,NA,NA,NA,NA,NA,NA,NA,NA,NA,NA,NA,NA,NA,NA,NA,NA,NA,NA,NA,NA,NA,NA,NA,NA,NA,NA,NA,NA,NA,NA,NA,NA,NA,NA,NA,NA,NA,NA,NA,1,4,10,13,7,16,3,1,NA,NA,3,1,NA,NA,1,1,3,8,9,8,NA,7,12,5,5,2,4,6,7,10,9,6,5,5,6,10,7,8,14,14,24,32,15,18,21,NA,4,3,2,NA,1
"",NA,NA,NA,NA,NA,NA,NA,NA,NA,NA,NA,NA,NA,NA,NA,NA,NA,NA,NA,NA,NA,NA,NA,NA,NA,NA,NA,NA,NA,NA,NA,NA,NA,NA,NA,NA,NA,NA,NA,NA,NA,NA,NA,NA,NA,2,5,9,12,4,12,5,1,NA,NA,3,1,NA,NA,1,1,4,8,11,9,NA,6,6,6,4,6,6,4,8,13,6,12,4,5,5,12,9,8,11,11,28,30,14,18,22,NA,6,3,1,NA,1
"",NA,NA,NA,NA,NA,NA,NA,NA,NA,NA,NA,NA,NA,NA,NA,NA,NA,NA,NA,NA,NA,NA,NA,NA,NA,NA,NA,NA,NA,NA,NA,NA,NA,NA,NA,NA,NA,NA,NA,NA,NA,NA,NA,NA,NA,1,5,11,10,6,14,4,1,NA,NA,3,1,NA,NA,1,1,3,7,9,8,NA,6,7,7,5,3,5,6,7,10,7,9,5,4,6,11,8,10,13,13,28,32,13,17,20,NA,5,3,1,NA,1
"",NA,NA,NA,NA,NA,NA,NA,NA,NA,NA,NA,NA,NA,NA,NA,NA,NA,NA,NA,NA,NA,NA,NA,NA,NA,NA,NA,NA,NA,NA,NA,NA,NA,NA,NA,NA,NA,NA,NA,NA,NA,NA,NA,NA,NA,1,3,10,13,4,13,3,1,NA,NA,3,1,NA,NA,1,1,4,8,8,10,NA,7,10,8,6,3,6,4,8,8,6,9,5,6,5,11,10,8,12,19,27,33,19,15,20,NA,3,3,1,NA,1
"",NA,NA,NA,NA,NA,NA,NA,NA,NA,NA,NA,NA,NA,NA,NA,NA,NA,NA,NA,NA,NA,NA,NA,NA,NA,NA,NA,NA,NA,NA,NA,NA,NA,NA,NA,NA,NA,NA,NA,NA,NA,NA,NA,NA,NA,1,4,10,14,5,9,5,1,NA,NA,3,1,NA,NA,1,1,3,8,8,9,NA,7,7,7,3,2,3,4,9,8,10,7,8,5,4,9,8,8,14,17,28,37,13,17,23,NA,4,3,2,NA,1
"",NA,NA,NA,NA,NA,NA,NA,NA,NA,NA,NA,NA,NA,NA,NA,NA,NA,NA,NA,NA,NA,NA,NA,NA,NA,NA,NA,NA,NA,NA,NA,NA,NA,NA,NA,NA,NA,NA,NA,NA,NA,NA,NA,NA,NA,2,5,15,13,7,14,6,1,NA,NA,3,1,NA,NA,1,1,3,8,7,9,NA,6,9,7,7,3,5,5,11,13,7,8,6,5,4,9,9,8,12,14,26,36,17,15,23,NA,4,3,1,NA,1
"",NA,NA,NA,NA,NA,NA,NA,NA,NA,NA,NA,NA,NA,NA,NA,NA,NA,NA,NA,NA,NA,NA,NA,NA,NA,NA,NA,NA,NA,NA,NA,NA,NA,NA,NA,NA,NA,NA,NA,NA,NA,NA,NA,NA,NA,1,4,12,13,5,11,3,1,NA,NA,3,1,NA,NA,1,1,3,8,10,8,NA,7,8,5,5,5,3,4,9,11,8,8,7,6,6,8,8,5,12,16,24,35,14,17,21,NA,3,3,1,NA,1
"",NA,NA,NA,NA,NA,NA,NA,NA,NA,NA,NA,NA,NA,NA,NA,NA,NA,NA,NA,NA,NA,NA,NA,NA,NA,NA,NA,NA,NA,NA,NA,NA,NA,NA,NA,NA,NA,NA,NA,NA,NA,NA,NA,NA,NA,1,6,10,12,6,10,5,1,NA,NA,3,1,NA,NA,1,1,3,9,10,8,NA,7,8,7,5,4,5,3,11,11,6,8,7,5,5,9,9,10,13,12,24,37,15,16,22,NA,4,3,2,NA,1
"",NA,NA,NA,NA,NA,NA,NA,NA,NA,NA,NA,NA,NA,NA,NA,NA,NA,NA,NA,NA,NA,NA,NA,NA,NA,NA,NA,NA,NA,NA,NA,NA,NA,NA,NA,NA,NA,NA,NA,NA,NA,NA,NA,NA,NA,1,4,11,11,5,12,4,1,NA,NA,3,1,NA,NA,1,1,4,8,9,9,NA,7,7,7,6,3,7,3,10,11,7,7,5,5,5,7,9,6,13,14,26,35,13,16,25,NA,3,3,1,NA,1
"",NA,NA,NA,NA,NA,NA,NA,NA,NA,NA,NA,NA,NA,NA,NA,NA,NA,NA,NA,NA,NA,NA,NA,NA,NA,NA,NA,NA,NA,NA,NA,NA,NA,NA,NA,NA,NA,NA,NA,NA,NA,NA,NA,NA,NA,2,4,9,12,4,12,3,1,NA,NA,3,1,NA,NA,1,1,3,9,10,10,NA,7,8,6,4,4,4,5,9,9,10,8,6,6,4,9,8,7,12,12,30,36,14,16,25,NA,3,3,2,NA,1
"",NA,NA,NA,NA,NA,NA,NA,NA,NA,NA,NA,NA,NA,NA,NA,NA,NA,NA,NA,NA,NA,NA,NA,NA,NA,NA,NA,NA,NA,NA,NA,NA,NA,NA,NA,NA,NA,NA,NA,NA,NA,NA,NA,NA,NA,1,5,17,13,7,13,5,1,NA,NA,4,1,NA,NA,1,2,4,7,9,9,NA,7,9,8,3,3,4,3,10,11,9,9,5,6,6,8,8,8,16,19,26,35,15,15,23,NA,5,3,2,NA,1
"",NA,NA,NA,NA,NA,NA,NA,NA,NA,NA,NA,NA,NA,NA,NA,NA,NA,NA,NA,NA,NA,NA,NA,NA,NA,NA,NA,NA,NA,NA,NA,NA,NA,NA,NA,NA,NA,NA,NA,NA,NA,NA,NA,NA,NA,1,5,9,12,8,11,4,2,NA,NA,2,1,NA,NA,1,1,3,7,9,8,NA,6,11,7,5,3,3,4,12,10,7,8,7,5,5,9,15,8,13,14,26,37,16,16,24,NA,3,3,2,NA,1
"Mean",NA,NA,NA,NA,NA,NA,NA,NA,NA,NA,NA,NA,NA,NA,NA,NA,NA,NA,NA,NA,NA,NA,NA,NA,NA,NA,NA,NA,NA,NA,NA,NA,NA,NA,NA,NA,NA,NA,NA,NA,NA,NA,NA,NA,NA,1.26,4.62,11.36,12.1,5.86,12.22,4.3,1.26,NA,NA,2.82,1,NA,NA,1,1.02,3.4,7.86,8.74,9.66,NA,6.88,8.04,6.56,5.18,3.44,4.72,4.7,8.74,10.42,7.34,7.6,5.96,5.46,5.3,9.44,8.66,7.42,13.84,14.72,26.28,34.08,14.5,16.42,22.5,NA,4.04,3,1.34,NA,1
