"","1","2","3","4","5","6","7","8","9","10","11","12","13","14","15","16","17","18","19","21","22","23","24","25","26","27","28","29","30","31","32","33","34","35","36","37","38","39","40","41","42","43","44","46","47","48","49","50","51","53","54","55","56","57","58","59","60","61","62","63","64","65","66","67","68","69","70","71","72","73","74","75","76","77","78","79","80","81","82","83","84","85","86","87","88","89","90","93","94","95","97","98","99","100"
"1",NA,NA,NA,NA,NA,NA,NA,NA,NA,NA,NA,NA,NA,NA,NA,NA,NA,NA,NA,NA,NA,NA,NA,NA,NA,NA,NA,NA,NA,NA,NA,NA,NA,NA,NA,NA,NA,NA,NA,NA,NA,NA,NA,NA,NA,NA,NA,NA,NA,0.2,0.206896551724138,0.195121951219512,0.123456790123457,0.291666666666667,0.161764705882353,0.208333333333333,0.526315789473684,0.120689655172414,0.428571428571429,0.2,0.169811320754717,0.0666666666666667,0.0540540540540541,0.166666666666667,0.0416666666666667,0.0273972602739726,NA,0.116279069767442,0.0555555555555556,0.0909090909090909,0.0265486725663717,0.0116279069767442,NA,0.0232558139534884,NA,0.0344827586206897,0.0175438596491228,0.0140845070422535,0.0217391304347826,0,0.0196078431372549,0.0131578947368421,NA,NA,NA,NA,NA,NA,NA,NA,NA,NA,NA,NA
"2",NA,NA,NA,NA,NA,NA,NA,NA,NA,NA,NA,NA,NA,NA,NA,NA,NA,NA,NA,NA,NA,NA,NA,NA,NA,NA,NA,NA,NA,NA,NA,NA,NA,NA,NA,NA,NA,NA,NA,NA,NA,NA,NA,NA,NA,NA,NA,NA,NA,0.228571428571429,0.192307692307692,0.155555555555556,0.0952380952380952,0.196428571428571,0.180327868852459,0.239130434782609,0.421052631578947,0.142857142857143,0.518518518518518,0.333333333333333,0.157894736842105,0.0434782608695652,0.0454545454545455,0.0810810810810811,0.0416666666666667,0.0263157894736842,NA,0.0674157303370786,0.0652173913043478,0.0769230769230769,0.058252427184466,0.0126582278481013,NA,0.025,NA,0.0350877192982456,0.0416666666666667,0.0138888888888889,0.0196078431372549,0,0.0196078431372549,0.0112359550561798,NA,NA,NA,NA,NA,NA,NA,NA,NA,NA,NA,NA
"3",NA,NA,NA,NA,NA,NA,NA,NA,NA,NA,NA,NA,NA,NA,NA,NA,NA,NA,NA,NA,NA,NA,NA,NA,NA,NA,NA,NA,NA,NA,NA,NA,NA,NA,NA,NA,NA,NA,NA,NA,NA,NA,NA,NA,NA,NA,NA,NA,NA,0.170212765957447,0.125,0.19047619047619,0.128205128205128,0.333333333333333,0.193548387096774,0.195652173913043,0.392857142857143,0.171875,0.366666666666667,0.272727272727273,0.175438596491228,0.113636363636364,0.0476190476190476,0.176470588235294,0.037037037037037,0.0131578947368421,NA,0.0652173913043478,0.0666666666666667,0.073394495412844,0.0392156862745098,0.0138888888888889,NA,0.0232558139534884,NA,0.0350877192982456,0.0178571428571429,0.0289855072463768,0.0196078431372549,0,0.0192307692307692,0.0112359550561798,NA,NA,NA,NA,NA,NA,NA,NA,NA,NA,NA,NA
"4",NA,NA,NA,NA,NA,NA,NA,NA,NA,NA,NA,NA,NA,NA,NA,NA,NA,NA,NA,NA,NA,NA,NA,NA,NA,NA,NA,NA,NA,NA,NA,NA,NA,NA,NA,NA,NA,NA,NA,NA,NA,NA,NA,NA,NA,NA,NA,NA,NA,0.219512195121951,0.310344827586207,0.222222222222222,0.119047619047619,0.211538461538462,0.225806451612903,0.238095238095238,0.304347826086957,0.157894736842105,0.428571428571429,0.454545454545455,0.157894736842105,0.0638297872340425,0.0810810810810811,0.135135135135135,0.0344827586206897,0.0138888888888889,NA,0.0860215053763441,0.0681818181818182,0.0849056603773585,0.04,0.0126582278481013,NA,0.0208333333333333,NA,0.0357142857142857,0.0192307692307692,0.0149253731343284,0.0208333333333333,0,0.0196078431372549,0.0131578947368421,NA,NA,NA,NA,NA,NA,NA,NA,NA,NA,NA,NA
"5",NA,NA,NA,NA,NA,NA,NA,NA,NA,NA,NA,NA,NA,NA,NA,NA,NA,NA,NA,NA,NA,NA,NA,NA,NA,NA,NA,NA,NA,NA,NA,NA,NA,NA,NA,NA,NA,NA,NA,NA,NA,NA,NA,NA,NA,NA,NA,NA,NA,0.191489361702128,0.133333333333333,0.170731707317073,0.177215189873418,0.25,0.183333333333333,0.326086956521739,0.36,0.15,0.354838709677419,0.5,0.152542372881356,0.0434782608695652,0.0555555555555556,0.146341463414634,0.0285714285714286,0.0263157894736842,NA,0.0957446808510638,0.0833333333333333,0.0784313725490196,0.0404040404040404,0.0140845070422535,NA,0.0227272727272727,NA,0.0357142857142857,0.0192307692307692,0.0140845070422535,0.0208333333333333,0,0.0208333333333333,0.0135135135135135,NA,NA,NA,NA,NA,NA,NA,NA,NA,NA,NA,NA
"6",NA,NA,NA,NA,NA,NA,NA,NA,NA,NA,NA,NA,NA,NA,NA,NA,NA,NA,NA,NA,NA,NA,NA,NA,NA,NA,NA,NA,NA,NA,NA,NA,NA,NA,NA,NA,NA,NA,NA,NA,NA,NA,NA,NA,NA,NA,NA,NA,NA,0.177777777777778,0.206896551724138,0.210526315789474,0.0987654320987654,0.28,0.216666666666667,0.208333333333333,0.346153846153846,0.144927536231884,0.4,0.571428571428571,0.142857142857143,0.0888888888888889,0.0465116279069767,0.116279069767442,0.0384615384615385,0.0263157894736842,NA,0.1,0.0574712643678161,0.0761904761904762,0.0283018867924528,0.0142857142857143,NA,0.0212765957446809,NA,0.037037037037037,0.0192307692307692,0.0138888888888889,0.0192307692307692,0,0.0188679245283019,0.0128205128205128,NA,NA,NA,NA,NA,NA,NA,NA,NA,NA,NA,NA
"7",NA,NA,NA,NA,NA,NA,NA,NA,NA,NA,NA,NA,NA,NA,NA,NA,NA,NA,NA,NA,NA,NA,NA,NA,NA,NA,NA,NA,NA,NA,NA,NA,NA,NA,NA,NA,NA,NA,NA,NA,NA,NA,NA,NA,NA,NA,NA,NA,NA,0.177777777777778,0.192307692307692,0.175,0.133333333333333,0.207547169811321,0.203125,0.25531914893617,0.380952380952381,0.183333333333333,0.366666666666667,0.285714285714286,0.145454545454545,0.108695652173913,0.0975609756097561,0.116279069767442,0.0333333333333333,0.0405405405405405,NA,0.0919540229885057,0.072289156626506,0.0891089108910891,0.0380952380952381,0.0140845070422535,NA,0.0227272727272727,NA,0.0327868852459016,0.0178571428571429,0.0136986301369863,0.0208333333333333,0,0.0175438596491228,0.0116279069767442,NA,NA,NA,NA,NA,NA,NA,NA,NA,NA,NA,NA
"8",NA,NA,NA,NA,NA,NA,NA,NA,NA,NA,NA,NA,NA,NA,NA,NA,NA,NA,NA,NA,NA,NA,NA,NA,NA,NA,NA,NA,NA,NA,NA,NA,NA,NA,NA,NA,NA,NA,NA,NA,NA,NA,NA,NA,NA,NA,NA,NA,NA,0.181818181818182,0.206896551724138,0.227272727272727,0.146666666666667,0.236363636363636,0.225806451612903,0.259259259259259,0.346153846153846,0.109375,0.392857142857143,0.666666666666667,0.148148148148148,0.0731707317073171,0.0476190476190476,0.0681818181818182,0.0384615384615385,0.0384615384615385,NA,0.1,0.0481927710843374,0.0865384615384615,0.0396039603960396,0.0126582278481013,NA,0.0232558139534884,NA,0.0357142857142857,0.0178571428571429,0.0273972602739726,0.0232558139534884,0,0.0196078431372549,0.0116279069767442,NA,NA,NA,NA,NA,NA,NA,NA,NA,NA,NA,NA
"9",NA,NA,NA,NA,NA,NA,NA,NA,NA,NA,NA,NA,NA,NA,NA,NA,NA,NA,NA,NA,NA,NA,NA,NA,NA,NA,NA,NA,NA,NA,NA,NA,NA,NA,NA,NA,NA,NA,NA,NA,NA,NA,NA,NA,NA,NA,NA,NA,NA,0.236842105263158,0.142857142857143,0.153846153846154,0.176470588235294,0.26,0.263157894736842,0.347826086956522,0.28,0.148148148148148,0.48,0.333333333333333,0.169811320754717,0.0465116279069767,0.125,0.0697674418604651,0.04,0.0133333333333333,NA,0.103448275862069,0.075,0.073394495412844,0.0471698113207547,0.0121951219512195,NA,0.025,NA,0.0338983050847458,0.0185185185185185,0.0144927536231884,0.0204081632653061,0,0.0175438596491228,0.0138888888888889,NA,NA,NA,NA,NA,NA,NA,NA,NA,NA,NA,NA
"10",NA,NA,NA,NA,NA,NA,NA,NA,NA,NA,NA,NA,NA,NA,NA,NA,NA,NA,NA,NA,NA,NA,NA,NA,NA,NA,NA,NA,NA,NA,NA,NA,NA,NA,NA,NA,NA,NA,NA,NA,NA,NA,NA,NA,NA,NA,NA,NA,NA,0.173913043478261,0.28,0.209302325581395,0.154929577464789,0.269230769230769,0.213114754098361,0.348837209302326,0.4,0.142857142857143,0.541666666666667,0.333333333333333,0.169491525423729,0.0392156862745098,0.05,0.0869565217391304,0.0303030303030303,0.0266666666666667,NA,0.0853658536585366,0.1,0.0849056603773585,0.0377358490566038,0.0140845070422535,NA,0.0204081632653061,NA,0.0357142857142857,0.0196078431372549,0.012987012987013,0.0212765957446809,0,0.0204081632653061,0.0113636363636364,NA,NA,NA,NA,NA,NA,NA,NA,NA,NA,NA,NA
"11",NA,NA,NA,NA,NA,NA,NA,NA,NA,NA,NA,NA,NA,NA,NA,NA,NA,NA,NA,NA,NA,NA,NA,NA,NA,NA,NA,NA,NA,NA,NA,NA,NA,NA,NA,NA,NA,NA,NA,NA,NA,NA,NA,NA,NA,NA,NA,NA,NA,0.195121951219512,0.208333333333333,0.209302325581395,0.115384615384615,0.291666666666667,0.206349206349206,0.282608695652174,0.37037037037037,0.152542372881356,0.4,0.2,0.12962962962963,0.0638297872340425,0.0454545454545455,0.0697674418604651,0.037037037037037,0.0384615384615385,NA,0.1125,0.0641025641025641,0.0833333333333333,0.0521739130434783,0.0138888888888889,NA,0.0232558139534884,NA,0.0357142857142857,0.0175438596491228,0.0142857142857143,0.0227272727272727,0,0.0175438596491228,0.0125,NA,NA,NA,NA,NA,NA,NA,NA,NA,NA,NA,NA
"12",NA,NA,NA,NA,NA,NA,NA,NA,NA,NA,NA,NA,NA,NA,NA,NA,NA,NA,NA,NA,NA,NA,NA,NA,NA,NA,NA,NA,NA,NA,NA,NA,NA,NA,NA,NA,NA,NA,NA,NA,NA,NA,NA,NA,NA,NA,NA,NA,NA,0.186046511627907,0.304347826086957,0.208333333333333,0.123287671232877,0.307692307692308,0.186440677966102,0.239130434782609,0.260869565217391,0.116666666666667,0.444444444444444,0.454545454545455,0.163636363636364,0.0454545454545455,0.05,0.0731707317073171,0.032258064516129,0.0246913580246914,NA,0.102564102564103,0.0476190476190476,0.0918367346938776,0.0363636363636364,0.0147058823529412,NA,0.0217391304347826,NA,0.0350877192982456,0.0178571428571429,0.0142857142857143,0.0227272727272727,0,0.04,0.0113636363636364,NA,NA,NA,NA,NA,NA,NA,NA,NA,NA,NA,NA
"13",NA,NA,NA,NA,NA,NA,NA,NA,NA,NA,NA,NA,NA,NA,NA,NA,NA,NA,NA,NA,NA,NA,NA,NA,NA,NA,NA,NA,NA,NA,NA,NA,NA,NA,NA,NA,NA,NA,NA,NA,NA,NA,NA,NA,NA,NA,NA,NA,NA,0.230769230769231,0.161290322580645,0.256410256410256,0.12987012987013,0.269230769230769,0.181818181818182,0.25,0.428571428571429,0.155172413793103,0.379310344827586,0.230769230769231,0.166666666666667,0.0888888888888889,0.0638297872340425,0.105263157894737,0.03125,0.0256410256410256,NA,0.0909090909090909,0.072289156626506,0.0849056603773585,0.058252427184466,0.0138888888888889,NA,0.0232558139534884,NA,0.0350877192982456,0.02,0.0298507462686567,0.0232558139534884,0,0.0350877192982456,0.0123456790123457,NA,NA,NA,NA,NA,NA,NA,NA,NA,NA,NA,NA
"14",NA,NA,NA,NA,NA,NA,NA,NA,NA,NA,NA,NA,NA,NA,NA,NA,NA,NA,NA,NA,NA,NA,NA,NA,NA,NA,NA,NA,NA,NA,NA,NA,NA,NA,NA,NA,NA,NA,NA,NA,NA,NA,NA,NA,NA,NA,NA,NA,NA,0.210526315789474,0.2,0.175,0.148148148148148,0.28,0.192982456140351,0.239130434782609,0.346153846153846,0.172413793103448,0.4,0.4,0.157894736842105,0.0612244897959184,0.0769230769230769,0.128205128205128,0.0357142857142857,0.04,NA,0.1,0.0681818181818182,0.102040816326531,0.0277777777777778,0.012987012987013,NA,0.0222222222222222,NA,0.0357142857142857,0.0178571428571429,0.0140845070422535,0.0222222222222222,0,0.0392156862745098,0.012987012987013,NA,NA,NA,NA,NA,NA,NA,NA,NA,NA,NA,NA
"15",NA,NA,NA,NA,NA,NA,NA,NA,NA,NA,NA,NA,NA,NA,NA,NA,NA,NA,NA,NA,NA,NA,NA,NA,NA,NA,NA,NA,NA,NA,NA,NA,NA,NA,NA,NA,NA,NA,NA,NA,NA,NA,NA,NA,NA,NA,NA,NA,NA,0.170212765957447,0.166666666666667,0.2,0.178082191780822,0.25531914893617,0.184615384615385,0.215686274509804,0.318181818181818,0.152542372881356,0.428571428571429,0.428571428571429,0.163636363636364,0.0851063829787234,0.0540540540540541,0.128205128205128,0.0357142857142857,0.0133333333333333,NA,0.0987654320987654,0.0581395348837209,0.0754716981132075,0.0480769230769231,0.0138888888888889,NA,0.024390243902439,NA,0.0338983050847458,0.0178571428571429,0.0133333333333333,0.0217391304347826,0,0.0181818181818182,0.0121951219512195,NA,NA,NA,NA,NA,NA,NA,NA,NA,NA,NA,NA
"16",NA,NA,NA,NA,NA,NA,NA,NA,NA,NA,NA,NA,NA,NA,NA,NA,NA,NA,NA,NA,NA,NA,NA,NA,NA,NA,NA,NA,NA,NA,NA,NA,NA,NA,NA,NA,NA,NA,NA,NA,NA,NA,NA,NA,NA,NA,NA,NA,NA,0.181818181818182,0.193548387096774,0.16,0.123456790123457,0.319148936170213,0.196969696969697,0.292682926829268,0.4,0.123076923076923,0.444444444444444,0.2,0.145454545454545,0.0681818181818182,0.0909090909090909,0.102564102564103,0.0344827586206897,0.027027027027027,NA,0.104651162790698,0.0568181818181818,0.0747663551401869,0.0377358490566038,0.0147058823529412,NA,0.025,NA,0.037037037037037,0.0192307692307692,0.0138888888888889,0.0217391304347826,0,0.0192307692307692,0.012987012987013,NA,NA,NA,NA,NA,NA,NA,NA,NA,NA,NA,NA
"17",NA,NA,NA,NA,NA,NA,NA,NA,NA,NA,NA,NA,NA,NA,NA,NA,NA,NA,NA,NA,NA,NA,NA,NA,NA,NA,NA,NA,NA,NA,NA,NA,NA,NA,NA,NA,NA,NA,NA,NA,NA,NA,NA,NA,NA,NA,NA,NA,NA,0.2,0.184210526315789,0.166666666666667,0.116883116883117,0.260869565217391,0.171875,0.241379310344828,0.421052631578947,0.137931034482759,0.366666666666667,0.444444444444444,0.181818181818182,0.0888888888888889,0.108108108108108,0.116279069767442,0.0285714285714286,0.025974025974026,NA,0.102564102564103,0.0493827160493827,0.0891089108910891,0.0384615384615385,0.0135135135135135,NA,0.0227272727272727,NA,0.0363636363636364,0.0169491525423729,0.0147058823529412,0.0232558139534884,0,0.037037037037037,0.0125,NA,NA,NA,NA,NA,NA,NA,NA,NA,NA,NA,NA
"18",NA,NA,NA,NA,NA,NA,NA,NA,NA,NA,NA,NA,NA,NA,NA,NA,NA,NA,NA,NA,NA,NA,NA,NA,NA,NA,NA,NA,NA,NA,NA,NA,NA,NA,NA,NA,NA,NA,NA,NA,NA,NA,NA,NA,NA,NA,NA,NA,NA,0.177777777777778,0.1875,0.173913043478261,0.141025641025641,0.272727272727273,0.2,0.206896551724138,0.36,0.147540983606557,0.419354838709677,0.666666666666667,0.181818181818182,0.0425531914893617,0.0857142857142857,0.133333333333333,0.04,0.0131578947368421,NA,0.0795454545454545,0.0602409638554217,0.0825688073394495,0.0297029702970297,0.0140845070422535,NA,0.0232558139534884,NA,0.0344827586206897,0.0192307692307692,0.0158730158730159,0.0238095238095238,0,0.0384615384615385,0.0135135135135135,NA,NA,NA,NA,NA,NA,NA,NA,NA,NA,NA,NA
"19",NA,NA,NA,NA,NA,NA,NA,NA,NA,NA,NA,NA,NA,NA,NA,NA,NA,NA,NA,NA,NA,NA,NA,NA,NA,NA,NA,NA,NA,NA,NA,NA,NA,NA,NA,NA,NA,NA,NA,NA,NA,NA,NA,NA,NA,NA,NA,NA,NA,0.177777777777778,0.318181818181818,0.222222222222222,0.15,0.254545454545455,0.183333333333333,0.212765957446809,0.5,0.166666666666667,0.482758620689655,0.5,0.169811320754717,0.0454545454545455,0.0666666666666667,0.0975609756097561,0.0357142857142857,0.051948051948052,NA,0.0879120879120879,0.0705882352941176,0.0833333333333333,0.0357142857142857,0.0161290322580645,NA,0.0238095238095238,NA,0.0363636363636364,0.0192307692307692,0.0140845070422535,0.0217391304347826,0,0.02,0.0120481927710843,NA,NA,NA,NA,NA,NA,NA,NA,NA,NA,NA,NA
"20",NA,NA,NA,NA,NA,NA,NA,NA,NA,NA,NA,NA,NA,NA,NA,NA,NA,NA,NA,NA,NA,NA,NA,NA,NA,NA,NA,NA,NA,NA,NA,NA,NA,NA,NA,NA,NA,NA,NA,NA,NA,NA,NA,NA,NA,NA,NA,NA,NA,0.166666666666667,0.258064516129032,0.225,0.125,0.24,0.184615384615385,0.272727272727273,0.5,0.131147540983607,0.444444444444444,0.235294117647059,0.163636363636364,0.0681818181818182,0.075,0.105263157894737,0.0333333333333333,0.0136986301369863,NA,0.072289156626506,0.0645161290322581,0.0810810810810811,0.0350877192982456,0.0131578947368421,NA,0.0217391304347826,NA,0.0357142857142857,0.0212765957446809,0.0147058823529412,0.0222222222222222,0,0.0188679245283019,0.010989010989011,NA,NA,NA,NA,NA,NA,NA,NA,NA,NA,NA,NA
"21",NA,NA,NA,NA,NA,NA,NA,NA,NA,NA,NA,NA,NA,NA,NA,NA,NA,NA,NA,NA,NA,NA,NA,NA,NA,NA,NA,NA,NA,NA,NA,NA,NA,NA,NA,NA,NA,NA,NA,NA,NA,NA,NA,NA,NA,NA,NA,NA,NA,0.181818181818182,0.173913043478261,0.2,0.120481927710843,0.25,0.212121212121212,0.260869565217391,0.409090909090909,0.112903225806452,0.423076923076923,0.285714285714286,0.155172413793103,0.0444444444444444,0.0789473684210526,0.148936170212766,0.032258064516129,0.0266666666666667,NA,0.0752688172043011,0.0609756097560976,0.0833333333333333,0.0476190476190476,0.0138888888888889,NA,0.0238095238095238,NA,0.0350877192982456,0.0175438596491228,0.0144927536231884,0.0212765957446809,0,0.0192307692307692,0.0111111111111111,NA,NA,NA,NA,NA,NA,NA,NA,NA,NA,NA,NA
"22",NA,NA,NA,NA,NA,NA,NA,NA,NA,NA,NA,NA,NA,NA,NA,NA,NA,NA,NA,NA,NA,NA,NA,NA,NA,NA,NA,NA,NA,NA,NA,NA,NA,NA,NA,NA,NA,NA,NA,NA,NA,NA,NA,NA,NA,NA,NA,NA,NA,0.195652173913043,0.3,0.155555555555556,0.144736842105263,0.25,0.224137931034483,0.266666666666667,0.473684210526316,0.126984126984127,0.392857142857143,0.25,0.142857142857143,0.0454545454545455,0.075,0.121951219512195,0.032258064516129,0.038961038961039,NA,0.116279069767442,0.0459770114942529,0.0952380952380952,0.037037037037037,0.012987012987013,NA,0.0256410256410256,NA,0.0333333333333333,0.0178571428571429,0.0277777777777778,0.0222222222222222,0,0.0185185185185185,0.0126582278481013,NA,NA,NA,NA,NA,NA,NA,NA,NA,NA,NA,NA
"23",NA,NA,NA,NA,NA,NA,NA,NA,NA,NA,NA,NA,NA,NA,NA,NA,NA,NA,NA,NA,NA,NA,NA,NA,NA,NA,NA,NA,NA,NA,NA,NA,NA,NA,NA,NA,NA,NA,NA,NA,NA,NA,NA,NA,NA,NA,NA,NA,NA,0.19047619047619,0.15625,0.19047619047619,0.166666666666667,0.357142857142857,0.208955223880597,0.270833333333333,0.346153846153846,0.188679245283019,0.444444444444444,0.272727272727273,0.160714285714286,0.0652173913043478,0.075,0.0666666666666667,0.04,0.0133333333333333,NA,0.0816326530612245,0.0705882352941176,0.0865384615384615,0.037037037037037,0.0135135135135135,NA,0.0222222222222222,NA,0.0357142857142857,0.0192307692307692,0.0142857142857143,0.0204081632653061,0,0.0208333333333333,0.0125,NA,NA,NA,NA,NA,NA,NA,NA,NA,NA,NA,NA
"24",NA,NA,NA,NA,NA,NA,NA,NA,NA,NA,NA,NA,NA,NA,NA,NA,NA,NA,NA,NA,NA,NA,NA,NA,NA,NA,NA,NA,NA,NA,NA,NA,NA,NA,NA,NA,NA,NA,NA,NA,NA,NA,NA,NA,NA,NA,NA,NA,NA,0.19047619047619,0.44,0.24390243902439,0.142857142857143,0.230769230769231,0.1875,0.255813953488372,0.368421052631579,0.157894736842105,0.521739130434783,0.428571428571429,0.12962962962963,0.113636363636364,0.0769230769230769,0.0952380952380952,0.0357142857142857,0.0126582278481013,NA,0.0813953488372093,0.072289156626506,0.0918367346938776,0.0388349514563107,0.0136986301369863,NA,0.0238095238095238,NA,0.0350877192982456,0.0185185185185185,0.0277777777777778,0.0208333333333333,0,0.0363636363636364,0.0113636363636364,NA,NA,NA,NA,NA,NA,NA,NA,NA,NA,NA,NA
"25",NA,NA,NA,NA,NA,NA,NA,NA,NA,NA,NA,NA,NA,NA,NA,NA,NA,NA,NA,NA,NA,NA,NA,NA,NA,NA,NA,NA,NA,NA,NA,NA,NA,NA,NA,NA,NA,NA,NA,NA,NA,NA,NA,NA,NA,NA,NA,NA,NA,0.19047619047619,0.214285714285714,0.186046511627907,0.0989010989010989,0.25,0.158730158730159,0.204081632653061,0.416666666666667,0.140625,0.413793103448276,0.333333333333333,0.178571428571429,0.0697674418604651,0.0512820512820513,0.15,0.0285714285714286,0.0263157894736842,NA,0.0760869565217391,0.0617283950617284,0.0754716981132075,0.0272727272727273,0.0142857142857143,NA,0.0232558139534884,NA,0.037037037037037,0.0188679245283019,0.0138888888888889,0.0212765957446809,0,0.0185185185185185,0.0116279069767442,NA,NA,NA,NA,NA,NA,NA,NA,NA,NA,NA,NA
"26",NA,NA,NA,NA,NA,NA,NA,NA,NA,NA,NA,NA,NA,NA,NA,NA,NA,NA,NA,NA,NA,NA,NA,NA,NA,NA,NA,NA,NA,NA,NA,NA,NA,NA,NA,NA,NA,NA,NA,NA,NA,NA,NA,NA,NA,NA,NA,NA,NA,0.186046511627907,0.233333333333333,0.225,0.125,0.24,0.206896551724138,0.28,0.5,0.148148148148148,0.413793103448276,0.3,0.142857142857143,0.0666666666666667,0.102564102564103,0.0909090909090909,0.0344827586206897,0.038961038961039,NA,0.0898876404494382,0.0697674418604651,0.0865384615384615,0.0408163265306122,0.0131578947368421,NA,0.025,NA,0.037037037037037,0.0185185185185185,0.0128205128205128,0.0217391304347826,0,0.0192307692307692,0.0121951219512195,NA,NA,NA,NA,NA,NA,NA,NA,NA,NA,NA,NA
"27",NA,NA,NA,NA,NA,NA,NA,NA,NA,NA,NA,NA,NA,NA,NA,NA,NA,NA,NA,NA,NA,NA,NA,NA,NA,NA,NA,NA,NA,NA,NA,NA,NA,NA,NA,NA,NA,NA,NA,NA,NA,NA,NA,NA,NA,NA,NA,NA,NA,0.2,0.1875,0.2,0.126582278481013,0.295454545454545,0.1875,0.2,0.333333333333333,0.135593220338983,0.305555555555556,0.285714285714286,0.142857142857143,0.0416666666666667,0.1,0.142857142857143,0.037037037037037,0.0135135135135135,NA,0.108433734939759,0.0689655172413793,0.0789473684210526,0.0392156862745098,0.0136986301369863,NA,0.0232558139534884,NA,0.032258064516129,0.0178571428571429,0.0142857142857143,0.0232558139534884,0,0.0185185185185185,0.0131578947368421,NA,NA,NA,NA,NA,NA,NA,NA,NA,NA,NA,NA
"28",NA,NA,NA,NA,NA,NA,NA,NA,NA,NA,NA,NA,NA,NA,NA,NA,NA,NA,NA,NA,NA,NA,NA,NA,NA,NA,NA,NA,NA,NA,NA,NA,NA,NA,NA,NA,NA,NA,NA,NA,NA,NA,NA,NA,NA,NA,NA,NA,NA,0.2,0.230769230769231,0.170212765957447,0.16,0.234042553191489,0.203125,0.235294117647059,0.470588235294118,0.155172413793103,0.5,0.25,0.160714285714286,0.0666666666666667,0.0731707317073171,0.119047619047619,0.0333333333333333,0.025974025974026,NA,0.0823529411764706,0.0705882352941176,0.09,0.0454545454545455,0.0128205128205128,NA,0.0232558139534884,NA,0.0333333333333333,0.0185185185185185,0.0289855072463768,0.0212765957446809,0,0.0181818181818182,0.010989010989011,NA,NA,NA,NA,NA,NA,NA,NA,NA,NA,NA,NA
"29",NA,NA,NA,NA,NA,NA,NA,NA,NA,NA,NA,NA,NA,NA,NA,NA,NA,NA,NA,NA,NA,NA,NA,NA,NA,NA,NA,NA,NA,NA,NA,NA,NA,NA,NA,NA,NA,NA,NA,NA,NA,NA,NA,NA,NA,NA,NA,NA,NA,0.205128205128205,0.205882352941176,0.155555555555556,0.157894736842105,0.297872340425532,0.216666666666667,0.454545454545455,0.363636363636364,0.131147540983607,0.428571428571429,0.181818181818182,0.145454545454545,0.0425531914893617,0.0869565217391304,0.119047619047619,0.0303030303030303,0.0128205128205128,NA,0.12987012987013,0.0632911392405063,0.0824742268041237,0.0373831775700935,0.0144927536231884,NA,0.0204081632653061,NA,0.0350877192982456,0.0185185185185185,0.0135135135135135,0.0222222222222222,0,0.0178571428571429,0.0114942528735632,NA,NA,NA,NA,NA,NA,NA,NA,NA,NA,NA,NA
"30",NA,NA,NA,NA,NA,NA,NA,NA,NA,NA,NA,NA,NA,NA,NA,NA,NA,NA,NA,NA,NA,NA,NA,NA,NA,NA,NA,NA,NA,NA,NA,NA,NA,NA,NA,NA,NA,NA,NA,NA,NA,NA,NA,NA,NA,NA,NA,NA,NA,0.166666666666667,0.161290322580645,0.2,0.120481927710843,0.25531914893617,0.191176470588235,0.234042553191489,0.45,0.112903225806452,0.428571428571429,0.454545454545455,0.155172413793103,0.0444444444444444,0.0857142857142857,0.121951219512195,0.037037037037037,0.0266666666666667,NA,0.1125,0.0689655172413793,0.0701754385964912,0.0280373831775701,0.0135135135135135,NA,0.0217391304347826,NA,0.0344827586206897,0.0425531914893617,0.0142857142857143,0.02,0,0.0175438596491228,0.0126582278481013,NA,NA,NA,NA,NA,NA,NA,NA,NA,NA,NA,NA
"31",NA,NA,NA,NA,NA,NA,NA,NA,NA,NA,NA,NA,NA,NA,NA,NA,NA,NA,NA,NA,NA,NA,NA,NA,NA,NA,NA,NA,NA,NA,NA,NA,NA,NA,NA,NA,NA,NA,NA,NA,NA,NA,NA,NA,NA,NA,NA,NA,NA,0.186046511627907,0.206896551724138,0.181818181818182,0.168674698795181,0.326086956521739,0.188405797101449,0.348837209302326,0.380952380952381,0.17741935483871,0.5,0.333333333333333,0.127272727272727,0.0652173913043478,0.138888888888889,0.131578947368421,0.0333333333333333,0.0394736842105263,NA,0.0898876404494382,0.0705882352941176,0.08,0.037037037037037,0.0125,NA,0.0238095238095238,NA,0.0338983050847458,0.0192307692307692,0.0138888888888889,0.0204081632653061,0,0.0192307692307692,0.0120481927710843,NA,NA,NA,NA,NA,NA,NA,NA,NA,NA,NA,NA
"32",NA,NA,NA,NA,NA,NA,NA,NA,NA,NA,NA,NA,NA,NA,NA,NA,NA,NA,NA,NA,NA,NA,NA,NA,NA,NA,NA,NA,NA,NA,NA,NA,NA,NA,NA,NA,NA,NA,NA,NA,NA,NA,NA,NA,NA,NA,NA,NA,NA,0.177777777777778,0.3,0.225,0.15,0.229166666666667,0.223880597014925,0.27906976744186,0.428571428571429,0.133333333333333,0.387096774193548,0.153846153846154,0.148148148148148,0.108695652173913,0.0487804878048781,0.128205128205128,0.0384615384615385,0.0246913580246914,NA,0.1125,0.0833333333333333,0.0803571428571429,0.0384615384615385,0.0140845070422535,NA,0.0222222222222222,NA,0.0357142857142857,0.0188679245283019,0.0142857142857143,0.0188679245283019,0,0.0185185185185185,0.0123456790123457,NA,NA,NA,NA,NA,NA,NA,NA,NA,NA,NA,NA
"33",NA,NA,NA,NA,NA,NA,NA,NA,NA,NA,NA,NA,NA,NA,NA,NA,NA,NA,NA,NA,NA,NA,NA,NA,NA,NA,NA,NA,NA,NA,NA,NA,NA,NA,NA,NA,NA,NA,NA,NA,NA,NA,NA,NA,NA,NA,NA,NA,NA,0.216216216216216,0.214285714285714,0.177777777777778,0.150684931506849,0.295454545454545,0.235294117647059,0.27906976744186,0.32,0.133333333333333,0.5,0.454545454545455,0.175438596491228,0.0454545454545455,0.0454545454545455,0.116279069767442,0.0357142857142857,0.0135135135135135,NA,0.0952380952380952,0.0568181818181818,0.0891089108910891,0.027027027027027,0.0135135135135135,NA,0.0238095238095238,NA,0.0344827586206897,0.0181818181818182,0.0138888888888889,0.0208333333333333,0,0.0192307692307692,0.0140845070422535,NA,NA,NA,NA,NA,NA,NA,NA,NA,NA,NA,NA
"34",NA,NA,NA,NA,NA,NA,NA,NA,NA,NA,NA,NA,NA,NA,NA,NA,NA,NA,NA,NA,NA,NA,NA,NA,NA,NA,NA,NA,NA,NA,NA,NA,NA,NA,NA,NA,NA,NA,NA,NA,NA,NA,NA,NA,NA,NA,NA,NA,NA,0.19047619047619,0.172413793103448,0.216216216216216,0.129411764705882,0.25,0.231884057971014,0.3,0.409090909090909,0.155172413793103,0.354838709677419,0.428571428571429,0.148148148148148,0.0697674418604651,0.0833333333333333,0.114285714285714,0.04,0.0526315789473684,NA,0.0957446808510638,0.0697674418604651,0.0934579439252336,0.0297029702970297,0.012987012987013,NA,0.0217391304347826,NA,0.0357142857142857,0.0185185185185185,0.0285714285714286,0.0227272727272727,0,0.0185185185185185,0.0119047619047619,NA,NA,NA,NA,NA,NA,NA,NA,NA,NA,NA,NA
"35",NA,NA,NA,NA,NA,NA,NA,NA,NA,NA,NA,NA,NA,NA,NA,NA,NA,NA,NA,NA,NA,NA,NA,NA,NA,NA,NA,NA,NA,NA,NA,NA,NA,NA,NA,NA,NA,NA,NA,NA,NA,NA,NA,NA,NA,NA,NA,NA,NA,0.19047619047619,0.25,0.256410256410256,0.168831168831169,0.326086956521739,0.171875,0.315789473684211,0.407407407407407,0.158730158730159,0.428571428571429,0.3,0.160714285714286,0.0444444444444444,0.0540540540540541,0.0888888888888889,0.0277777777777778,0.012987012987013,NA,0.0941176470588235,0.0574712643678161,0.0789473684210526,0.037037037037037,0.0142857142857143,NA,0.0238095238095238,NA,0.0344827586206897,0.0175438596491228,0.027027027027027,0.0227272727272727,0,0.0185185185185185,0.0125,NA,NA,NA,NA,NA,NA,NA,NA,NA,NA,NA,NA
"36",NA,NA,NA,NA,NA,NA,NA,NA,NA,NA,NA,NA,NA,NA,NA,NA,NA,NA,NA,NA,NA,NA,NA,NA,NA,NA,NA,NA,NA,NA,NA,NA,NA,NA,NA,NA,NA,NA,NA,NA,NA,NA,NA,NA,NA,NA,NA,NA,NA,0.195121951219512,0.241379310344828,0.208333333333333,0.146666666666667,0.27906976744186,0.2,0.325581395348837,0.379310344827586,0.123076923076923,0.545454545454545,0.5,0.163636363636364,0.0434782608695652,0.0810810810810811,0.0789473684210526,0.0357142857142857,0.025974025974026,NA,0.102272727272727,0.0632911392405063,0.0816326530612245,0.0396039603960396,0.0136986301369863,NA,0.0232558139534884,NA,0.0357142857142857,0.0188679245283019,0.0294117647058824,0.0217391304347826,0,0.0166666666666667,0.0123456790123457,NA,NA,NA,NA,NA,NA,NA,NA,NA,NA,NA,NA
"37",NA,NA,NA,NA,NA,NA,NA,NA,NA,NA,NA,NA,NA,NA,NA,NA,NA,NA,NA,NA,NA,NA,NA,NA,NA,NA,NA,NA,NA,NA,NA,NA,NA,NA,NA,NA,NA,NA,NA,NA,NA,NA,NA,NA,NA,NA,NA,NA,NA,0.2,0.125,0.19047619047619,0.12987012987013,0.291666666666667,0.209677419354839,0.27906976744186,0.3,0.145161290322581,0.342857142857143,0.333333333333333,0.173076923076923,0.0930232558139535,0.0789473684210526,0.121951219512195,0.0357142857142857,0.0135135135135135,NA,0.0795454545454545,0.0689655172413793,0.0740740740740741,0.0288461538461538,0.0142857142857143,NA,0.0256410256410256,NA,0.0344827586206897,0.0169491525423729,0.0147058823529412,0.0212765957446809,0,0.0350877192982456,0.0125,NA,NA,NA,NA,NA,NA,NA,NA,NA,NA,NA,NA
"38",NA,NA,NA,NA,NA,NA,NA,NA,NA,NA,NA,NA,NA,NA,NA,NA,NA,NA,NA,NA,NA,NA,NA,NA,NA,NA,NA,NA,NA,NA,NA,NA,NA,NA,NA,NA,NA,NA,NA,NA,NA,NA,NA,NA,NA,NA,NA,NA,NA,0.170212765957447,0.185185185185185,0.204545454545455,0.12987012987013,0.27906976744186,0.234375,0.260869565217391,0.310344827586207,0.137931034482759,0.366666666666667,0.333333333333333,0.137931034482759,0.113636363636364,0.0810810810810811,0.0714285714285714,0.0384615384615385,0.0135135135135135,NA,0.0909090909090909,0.0555555555555556,0.0769230769230769,0.0380952380952381,0.0144927536231884,NA,0.024390243902439,NA,0.037037037037037,0.0204081632653061,0.0142857142857143,0.0238095238095238,0,0.037037037037037,0.0120481927710843,NA,NA,NA,NA,NA,NA,NA,NA,NA,NA,NA,NA
"39",NA,NA,NA,NA,NA,NA,NA,NA,NA,NA,NA,NA,NA,NA,NA,NA,NA,NA,NA,NA,NA,NA,NA,NA,NA,NA,NA,NA,NA,NA,NA,NA,NA,NA,NA,NA,NA,NA,NA,NA,NA,NA,NA,NA,NA,NA,NA,NA,NA,0.195121951219512,0.166666666666667,0.219512195121951,0.113924050632911,0.326086956521739,0.19672131147541,0.195121951219512,0.354838709677419,0.133333333333333,0.413793103448276,0.2,0.155172413793103,0.0465116279069767,0.0810810810810811,0.0888888888888889,0.0416666666666667,0.038961038961039,NA,0.0930232558139535,0.0681818181818182,0.0818181818181818,0.0377358490566038,0.0120481927710843,NA,0.025,NA,0.0338983050847458,0.0175438596491228,0.0298507462686567,0.0217391304347826,0,0.0377358490566038,0.0112359550561798,NA,NA,NA,NA,NA,NA,NA,NA,NA,NA,NA,NA
"40",NA,NA,NA,NA,NA,NA,NA,NA,NA,NA,NA,NA,NA,NA,NA,NA,NA,NA,NA,NA,NA,NA,NA,NA,NA,NA,NA,NA,NA,NA,NA,NA,NA,NA,NA,NA,NA,NA,NA,NA,NA,NA,NA,NA,NA,NA,NA,NA,NA,0.230769230769231,0.235294117647059,0.145833333333333,0.154761904761905,0.260869565217391,0.264705882352941,0.232142857142857,0.476190476190476,0.133333333333333,0.413793103448276,0.5,0.163636363636364,0.0697674418604651,0.0465116279069767,0.1,0.04,0.012987012987013,NA,0.10126582278481,0.0617283950617284,0.0891089108910891,0.0471698113207547,0.0149253731343284,NA,0.0227272727272727,NA,0.0350877192982456,0.0185185185185185,0.0303030303030303,0.0217391304347826,0,0.0377358490566038,0.0114942528735632,NA,NA,NA,NA,NA,NA,NA,NA,NA,NA,NA,NA
"41",NA,NA,NA,NA,NA,NA,NA,NA,NA,NA,NA,NA,NA,NA,NA,NA,NA,NA,NA,NA,NA,NA,NA,NA,NA,NA,NA,NA,NA,NA,NA,NA,NA,NA,NA,NA,NA,NA,NA,NA,NA,NA,NA,NA,NA,NA,NA,NA,NA,0.173913043478261,0.2,0.209302325581395,0.15,0.260869565217391,0.171875,0.311111111111111,0.428571428571429,0.140625,0.363636363636364,0.333333333333333,0.148148148148148,0.0638297872340425,0.0444444444444444,0.15,0.0303030303030303,0.024390243902439,NA,0.0875,0.0581395348837209,0.0784313725490196,0.0560747663551402,0.0138888888888889,NA,0.0227272727272727,NA,0.0363636363636364,0.0185185185185185,0.0144927536231884,0.0208333333333333,0,0.0175438596491228,0.0108695652173913,NA,NA,NA,NA,NA,NA,NA,NA,NA,NA,NA,NA
"42",NA,NA,NA,NA,NA,NA,NA,NA,NA,NA,NA,NA,NA,NA,NA,NA,NA,NA,NA,NA,NA,NA,NA,NA,NA,NA,NA,NA,NA,NA,NA,NA,NA,NA,NA,NA,NA,NA,NA,NA,NA,NA,NA,NA,NA,NA,NA,NA,NA,0.219512195121951,0.25,0.225,0.113924050632911,0.235294117647059,0.228070175438596,0.215686274509804,0.409090909090909,0.140350877192982,0.352941176470588,0.25,0.166666666666667,0.0476190476190476,0.075,0.0930232558139535,0.0294117647058824,0.0131578947368421,NA,0.0813953488372093,0.0952380952380952,0.0792079207920792,0.0373831775700935,0.0133333333333333,NA,0.0232558139534884,NA,0.0377358490566038,0.0196078431372549,0.0140845070422535,0.0212765957446809,0,0.0185185185185185,0.010752688172043,NA,NA,NA,NA,NA,NA,NA,NA,NA,NA,NA,NA
"43",NA,NA,NA,NA,NA,NA,NA,NA,NA,NA,NA,NA,NA,NA,NA,NA,NA,NA,NA,NA,NA,NA,NA,NA,NA,NA,NA,NA,NA,NA,NA,NA,NA,NA,NA,NA,NA,NA,NA,NA,NA,NA,NA,NA,NA,NA,NA,NA,NA,0.173913043478261,0.178571428571429,0.2,0.134146341463415,0.285714285714286,0.223880597014925,0.365853658536585,0.346153846153846,0.1875,0.4,0.571428571428571,0.181818181818182,0.0425531914893617,0.05,0.0888888888888889,0.0277777777777778,0.012987012987013,NA,0.0879120879120879,0.0588235294117647,0.0754716981132075,0.0373831775700935,0.0128205128205128,NA,0.0222222222222222,NA,0.0350877192982456,0.04,0.0144927536231884,0.0212765957446809,0,0.0175438596491228,0.0120481927710843,NA,NA,NA,NA,NA,NA,NA,NA,NA,NA,NA,NA
"44",NA,NA,NA,NA,NA,NA,NA,NA,NA,NA,NA,NA,NA,NA,NA,NA,NA,NA,NA,NA,NA,NA,NA,NA,NA,NA,NA,NA,NA,NA,NA,NA,NA,NA,NA,NA,NA,NA,NA,NA,NA,NA,NA,NA,NA,NA,NA,NA,NA,0.195121951219512,0.185185185185185,0.186046511627907,0.164556962025316,0.282608695652174,0.183333333333333,0.192982456140351,0.416666666666667,0.155172413793103,0.428571428571429,0.833333333333333,0.160714285714286,0.0697674418604651,0.0555555555555556,0.0681818181818182,0.0263157894736842,0.0133333333333333,NA,0.0987654320987654,0.0833333333333333,0.08,0.0294117647058824,0.012987012987013,NA,0.0256410256410256,NA,0.0338983050847458,0.0172413793103448,0.0138888888888889,0.0217391304347826,0,0.0181818181818182,0.0128205128205128,NA,NA,NA,NA,NA,NA,NA,NA,NA,NA,NA,NA
"45",NA,NA,NA,NA,NA,NA,NA,NA,NA,NA,NA,NA,NA,NA,NA,NA,NA,NA,NA,NA,NA,NA,NA,NA,NA,NA,NA,NA,NA,NA,NA,NA,NA,NA,NA,NA,NA,NA,NA,NA,NA,NA,NA,NA,NA,NA,NA,NA,NA,0.195121951219512,0.230769230769231,0.25,0.121951219512195,0.26530612244898,0.1875,0.26530612244898,0.407407407407407,0.193548387096774,0.541666666666667,0.428571428571429,0.153846153846154,0.0465116279069767,0.0526315789473684,0.0810810810810811,0.0333333333333333,0.0135135135135135,NA,0.0921052631578947,0.0674157303370786,0.0792079207920792,0.037037037037037,0.0135135135135135,NA,0.0212765957446809,NA,0.0333333333333333,0.0181818181818182,0.0140845070422535,0.0227272727272727,0,0.0384615384615385,0.0117647058823529,NA,NA,NA,NA,NA,NA,NA,NA,NA,NA,NA,NA
"46",NA,NA,NA,NA,NA,NA,NA,NA,NA,NA,NA,NA,NA,NA,NA,NA,NA,NA,NA,NA,NA,NA,NA,NA,NA,NA,NA,NA,NA,NA,NA,NA,NA,NA,NA,NA,NA,NA,NA,NA,NA,NA,NA,NA,NA,NA,NA,NA,NA,0.195121951219512,0.2,0.2,0.15,0.25531914893617,0.215384615384615,0.266666666666667,0.275862068965517,0.140625,0.375,0.428571428571429,0.145454545454545,0.0666666666666667,0.0697674418604651,0.102040816326531,0.0344827586206897,0.0126582278481013,NA,0.103448275862069,0.0543478260869565,0.0841121495327103,0.0388349514563107,0.012987012987013,NA,0.0256410256410256,NA,0.0357142857142857,0.0377358490566038,0.0277777777777778,0.0208333333333333,0,0.0175438596491228,0.0131578947368421,NA,NA,NA,NA,NA,NA,NA,NA,NA,NA,NA,NA
"47",NA,NA,NA,NA,NA,NA,NA,NA,NA,NA,NA,NA,NA,NA,NA,NA,NA,NA,NA,NA,NA,NA,NA,NA,NA,NA,NA,NA,NA,NA,NA,NA,NA,NA,NA,NA,NA,NA,NA,NA,NA,NA,NA,NA,NA,NA,NA,NA,NA,0.195121951219512,0.25,0.24390243902439,0.135802469135802,0.285714285714286,0.214285714285714,0.291666666666667,0.578947368421053,0.142857142857143,0.419354838709677,0.25,0.166666666666667,0.0487804878048781,0.0789473684210526,0.148936170212766,0.0333333333333333,0.0126582278481013,NA,0.0919540229885057,0.0689655172413793,0.0849056603773585,0.0576923076923077,0.0153846153846154,NA,0.0208333333333333,NA,0.0350877192982456,0.0178571428571429,0.0135135135135135,0.0188679245283019,0,0.0357142857142857,0.0120481927710843,NA,NA,NA,NA,NA,NA,NA,NA,NA,NA,NA,NA
"48",NA,NA,NA,NA,NA,NA,NA,NA,NA,NA,NA,NA,NA,NA,NA,NA,NA,NA,NA,NA,NA,NA,NA,NA,NA,NA,NA,NA,NA,NA,NA,NA,NA,NA,NA,NA,NA,NA,NA,NA,NA,NA,NA,NA,NA,NA,NA,NA,NA,0.19047619047619,0.233333333333333,0.238095238095238,0.152777777777778,0.25,0.203389830508475,0.318181818181818,0.269230769230769,0.2,0.466666666666667,0.833333333333333,0.175438596491228,0.0909090909090909,0.0789473684210526,0.108695652173913,0.0333333333333333,0.0263157894736842,NA,0.0843373493975904,0.0574712643678161,0.0857142857142857,0.0373831775700935,0.0142857142857143,NA,0.0238095238095238,NA,0.0327868852459016,0.0185185185185185,0.0149253731343284,0.0208333333333333,0,0.0181818181818182,0.0138888888888889,NA,NA,NA,NA,NA,NA,NA,NA,NA,NA,NA,NA
"49",NA,NA,NA,NA,NA,NA,NA,NA,NA,NA,NA,NA,NA,NA,NA,NA,NA,NA,NA,NA,NA,NA,NA,NA,NA,NA,NA,NA,NA,NA,NA,NA,NA,NA,NA,NA,NA,NA,NA,NA,NA,NA,NA,NA,NA,NA,NA,NA,NA,0.186046511627907,0.214285714285714,0.176470588235294,0.148648648648649,0.285714285714286,0.193548387096774,0.254901960784314,0.423076923076923,0.135593220338983,0.407407407407407,0.3,0.148148148148148,0.0444444444444444,0.152173913043478,0.116279069767442,0.0416666666666667,0.0410958904109589,NA,0.0842105263157895,0.0602409638554217,0.0707964601769911,0.0442477876106195,0.0128205128205128,NA,0.0238095238095238,NA,0.0350877192982456,0.0172413793103448,0.0153846153846154,0.0217391304347826,0,0.0204081632653061,0.0123456790123457,NA,NA,NA,NA,NA,NA,NA,NA,NA,NA,NA,NA
"50",NA,NA,NA,NA,NA,NA,NA,NA,NA,NA,NA,NA,NA,NA,NA,NA,NA,NA,NA,NA,NA,NA,NA,NA,NA,NA,NA,NA,NA,NA,NA,NA,NA,NA,NA,NA,NA,NA,NA,NA,NA,NA,NA,NA,NA,NA,NA,NA,NA,0.19047619047619,0.32,0.19047619047619,0.150684931506849,0.255813953488372,0.216666666666667,0.234042553191489,0.3,0.140625,0.352941176470588,0.666666666666667,0.160714285714286,0.0869565217391304,0.111111111111111,0.0930232558139535,0.0357142857142857,0.0136986301369863,NA,0.0898876404494382,0.0561797752808989,0.0754716981132075,0.0373831775700935,0.0133333333333333,NA,0.0232558139534884,NA,0.0344827586206897,0.0181818181818182,0.0153846153846154,0.0208333333333333,0,0.0188679245283019,0.0114942528735632,NA,NA,NA,NA,NA,NA,NA,NA,NA,NA,NA,NA
