"","1","2","3","4","5","6","7","8","9","10","11","12","13","14","15","16","17","18","19","20","21","22","23","24","25","26","27","28","29","30","31","32","33","34","35","36","37","38","39","40","41","42","43","44","45","46","47","48","49","50","51","52","53","54","55","56","57","58","59","60","61","62","63","64","65","66","67","68","69","70","71","72","73","74","75","81","83","85","87","94","98","99","100"
"1",NA,NA,NA,NA,NA,NA,NA,NA,NA,NA,NA,NA,NA,NA,NA,NA,NA,NA,NA,NA,NA,NA,NA,NA,NA,NA,NA,NA,NA,NA,NA,NA,NA,NA,NA,NA,NA,NA,NA,NA,NA,NA,NA,NA,NA,NA,NA,NA,NA,NA,NA,NA,0.111111111111111,0.155555555555556,0.292682926829268,0.5,0.533333333333333,0.375,0.730769230769231,0.708333333333333,0.9,0.448275862068966,0.533333333333333,0.466666666666667,0.291666666666667,0.1,0.0869565217391304,NA,NA,NA,NA,NA,NA,NA,NA,NA,NA,NA,NA,NA,NA,NA,NA
"2",NA,NA,NA,NA,NA,NA,NA,NA,NA,NA,NA,NA,NA,NA,NA,NA,NA,NA,NA,NA,NA,NA,NA,NA,NA,NA,NA,NA,NA,NA,NA,NA,NA,NA,NA,NA,NA,NA,NA,NA,NA,NA,NA,NA,NA,NA,NA,NA,NA,NA,NA,NA,0.111111111111111,0.0930232558139535,0.333333333333333,0.333333333333333,0.5,0.516129032258065,0.714285714285714,0.423076923076923,0.888888888888889,0.324324324324324,0.466666666666667,0.361111111111111,0.291666666666667,0.1,0.12,NA,NA,NA,NA,NA,NA,NA,NA,NA,NA,NA,NA,NA,NA,NA,NA
"3",NA,NA,NA,NA,NA,NA,NA,NA,NA,NA,NA,NA,NA,NA,NA,NA,NA,NA,NA,NA,NA,NA,NA,NA,NA,NA,NA,NA,NA,NA,NA,NA,NA,NA,NA,NA,NA,NA,NA,NA,NA,NA,NA,NA,NA,NA,NA,NA,NA,NA,NA,NA,0.0625,0.15,0.232558139534884,0.466666666666667,0.607142857142857,0.65625,0.666666666666667,0.5,0.888888888888889,0.40625,0.5,0.454545454545455,0.307692307692308,0.103448275862069,0.0833333333333333,NA,NA,NA,NA,NA,NA,NA,NA,NA,NA,NA,NA,NA,NA,NA,NA
"4",NA,NA,NA,NA,NA,NA,NA,NA,NA,NA,NA,NA,NA,NA,NA,NA,NA,NA,NA,NA,NA,NA,NA,NA,NA,NA,NA,NA,NA,NA,NA,NA,NA,NA,NA,NA,NA,NA,NA,NA,NA,NA,NA,NA,NA,NA,NA,NA,NA,NA,NA,NA,0.0967741935483871,0.15,0.294117647058824,0.40625,0.545454545454545,0.470588235294118,0.571428571428571,0.565217391304348,0.538461538461538,0.4,0.75,0.484848484848485,0.227272727272727,0.103448275862069,0.08,NA,NA,NA,NA,NA,NA,NA,NA,NA,NA,NA,NA,NA,NA,NA,NA
"5",NA,NA,NA,NA,NA,NA,NA,NA,NA,NA,NA,NA,NA,NA,NA,NA,NA,NA,NA,NA,NA,NA,NA,NA,NA,NA,NA,NA,NA,NA,NA,NA,NA,NA,NA,NA,NA,NA,NA,NA,NA,NA,NA,NA,NA,NA,NA,NA,NA,NA,NA,NA,0.0769230769230769,0.125,0.289473684210526,0.461538461538462,0.457142857142857,0.447368421052632,0.586206896551724,0.56,0.75,0.333333333333333,0.714285714285714,0.428571428571429,0.285714285714286,0.1,0.0833333333333333,NA,NA,NA,NA,NA,NA,NA,NA,NA,NA,NA,NA,NA,NA,NA,NA
"6",NA,NA,NA,NA,NA,NA,NA,NA,NA,NA,NA,NA,NA,NA,NA,NA,NA,NA,NA,NA,NA,NA,NA,NA,NA,NA,NA,NA,NA,NA,NA,NA,NA,NA,NA,NA,NA,NA,NA,NA,NA,NA,NA,NA,NA,NA,NA,NA,NA,NA,NA,NA,0.0645161290322581,0.0952380952380952,0.333333333333333,0.40625,0.516129032258065,0.545454545454545,0.653846153846154,0.653846153846154,0.8,0.375,0.5625,0.592592592592593,0.208333333333333,0.103448275862069,0.0833333333333333,NA,NA,NA,NA,NA,NA,NA,NA,NA,NA,NA,NA,NA,NA,NA,NA
"7",NA,NA,NA,NA,NA,NA,NA,NA,NA,NA,NA,NA,NA,NA,NA,NA,NA,NA,NA,NA,NA,NA,NA,NA,NA,NA,NA,NA,NA,NA,NA,NA,NA,NA,NA,NA,NA,NA,NA,NA,NA,NA,NA,NA,NA,NA,NA,NA,NA,NA,NA,NA,0.16,0.0816326530612245,0.256410256410256,0.441176470588235,0.473684210526316,0.384615384615385,0.633333333333333,0.44,0.615384615384615,0.515151515151515,0.714285714285714,0.411764705882353,0.304347826086957,0.1,0.136363636363636,NA,NA,NA,NA,NA,NA,NA,NA,NA,NA,NA,NA,NA,NA,NA,NA
"8",NA,NA,NA,NA,NA,NA,NA,NA,NA,NA,NA,NA,NA,NA,NA,NA,NA,NA,NA,NA,NA,NA,NA,NA,NA,NA,NA,NA,NA,NA,NA,NA,NA,NA,NA,NA,NA,NA,NA,NA,NA,NA,NA,NA,NA,NA,NA,NA,NA,NA,NA,NA,0.0714285714285714,0.108108108108108,0.5,0.5,0.454545454545455,0.421052631578947,0.703703703703704,0.681818181818182,1.125,0.333333333333333,0.666666666666667,0.363636363636364,0.310344827586207,0.0967741935483871,0.142857142857143,NA,NA,NA,NA,NA,NA,NA,NA,NA,NA,NA,NA,NA,NA,NA,NA
"9",NA,NA,NA,NA,NA,NA,NA,NA,NA,NA,NA,NA,NA,NA,NA,NA,NA,NA,NA,NA,NA,NA,NA,NA,NA,NA,NA,NA,NA,NA,NA,NA,NA,NA,NA,NA,NA,NA,NA,NA,NA,NA,NA,NA,NA,NA,NA,NA,NA,NA,NA,NA,0.142857142857143,0.111111111111111,0.384615384615385,0.411764705882353,0.472222222222222,0.558823529411765,0.545454545454545,0.75,0.8,0.451612903225806,0.5,0.533333333333333,0.24,0.103448275862069,0.0909090909090909,NA,NA,NA,NA,NA,NA,NA,NA,NA,NA,NA,NA,NA,NA,NA,NA
"10",NA,NA,NA,NA,NA,NA,NA,NA,NA,NA,NA,NA,NA,NA,NA,NA,NA,NA,NA,NA,NA,NA,NA,NA,NA,NA,NA,NA,NA,NA,NA,NA,NA,NA,NA,NA,NA,NA,NA,NA,NA,NA,NA,NA,NA,NA,NA,NA,NA,NA,NA,NA,0.09375,0.125,0.433333333333333,0.518518518518518,0.461538461538462,0.486486486486487,0.642857142857143,0.48,1,0.333333333333333,0.444444444444444,0.692307692307692,0.347826086956522,0.1,0.0952380952380952,NA,NA,NA,NA,NA,NA,NA,NA,NA,NA,NA,NA,NA,NA,NA,NA
"11",NA,NA,NA,NA,NA,NA,NA,NA,NA,NA,NA,NA,NA,NA,NA,NA,NA,NA,NA,NA,NA,NA,NA,NA,NA,NA,NA,NA,NA,NA,NA,NA,NA,NA,NA,NA,NA,NA,NA,NA,NA,NA,NA,NA,NA,NA,NA,NA,NA,NA,NA,NA,0.0952380952380952,0.153846153846154,0.457142857142857,0.535714285714286,0.65625,0.41025641025641,0.714285714285714,0.48,0.875,0.375,0.692307692307692,0.545454545454545,0.304347826086957,0.103448275862069,0.15,NA,NA,NA,NA,NA,NA,NA,NA,NA,NA,NA,NA,NA,NA,NA,NA
"12",NA,NA,NA,NA,NA,NA,NA,NA,NA,NA,NA,NA,NA,NA,NA,NA,NA,NA,NA,NA,NA,NA,NA,NA,NA,NA,NA,NA,NA,NA,NA,NA,NA,NA,NA,NA,NA,NA,NA,NA,NA,NA,NA,NA,NA,NA,NA,NA,NA,NA,NA,NA,0.129032258064516,0.131578947368421,0.275,0.548387096774194,0.459459459459459,0.395348837209302,0.633333333333333,0.761904761904762,1,0.379310344827586,0.6,0.517241379310345,0.32,0.0967741935483871,0.1,NA,NA,NA,NA,NA,NA,NA,NA,NA,NA,NA,NA,NA,NA,NA,NA
"13",NA,NA,NA,NA,NA,NA,NA,NA,NA,NA,NA,NA,NA,NA,NA,NA,NA,NA,NA,NA,NA,NA,NA,NA,NA,NA,NA,NA,NA,NA,NA,NA,NA,NA,NA,NA,NA,NA,NA,NA,NA,NA,NA,NA,NA,NA,NA,NA,NA,NA,NA,NA,0.0714285714285714,0.13953488372093,0.378378378378378,0.375,0.472222222222222,0.5,0.586206896551724,0.428571428571429,1.25,0.4,0.642857142857143,0.448275862068966,0.380952380952381,0.0967741935483871,0.157894736842105,NA,NA,NA,NA,NA,NA,NA,NA,NA,NA,NA,NA,NA,NA,NA,NA
"14",NA,NA,NA,NA,NA,NA,NA,NA,NA,NA,NA,NA,NA,NA,NA,NA,NA,NA,NA,NA,NA,NA,NA,NA,NA,NA,NA,NA,NA,NA,NA,NA,NA,NA,NA,NA,NA,NA,NA,NA,NA,NA,NA,NA,NA,NA,NA,NA,NA,NA,NA,NA,0.0714285714285714,0.121951219512195,0.40625,0.371428571428571,0.432432432432432,0.542857142857143,0.580645161290323,0.521739130434783,0.888888888888889,0.421052631578947,0.714285714285714,0.428571428571429,0.230769230769231,0.1,0.105263157894737,NA,NA,NA,NA,NA,NA,NA,NA,NA,NA,NA,NA,NA,NA,NA,NA
"15",NA,NA,NA,NA,NA,NA,NA,NA,NA,NA,NA,NA,NA,NA,NA,NA,NA,NA,NA,NA,NA,NA,NA,NA,NA,NA,NA,NA,NA,NA,NA,NA,NA,NA,NA,NA,NA,NA,NA,NA,NA,NA,NA,NA,NA,NA,NA,NA,NA,NA,NA,NA,0.0909090909090909,0.0888888888888889,0.297297297297297,0.5,0.516129032258065,0.540540540540541,0.774193548387097,0.5,0.636363636363636,0.387096774193548,0.6,0.387096774193548,0.24,0.09375,0.15,NA,NA,NA,NA,NA,NA,NA,NA,NA,NA,NA,NA,NA,NA,NA,NA
"16",NA,NA,NA,NA,NA,NA,NA,NA,NA,NA,NA,NA,NA,NA,NA,NA,NA,NA,NA,NA,NA,NA,NA,NA,NA,NA,NA,NA,NA,NA,NA,NA,NA,NA,NA,NA,NA,NA,NA,NA,NA,NA,NA,NA,NA,NA,NA,NA,NA,NA,NA,NA,0.0869565217391304,0.121951219512195,0.375,0.37037037037037,0.586206896551724,0.4375,0.586206896551724,0.5,1.22222222222222,0.4375,0.8,0.4,0.269230769230769,0.1,0.0833333333333333,NA,NA,NA,NA,NA,NA,NA,NA,NA,NA,NA,NA,NA,NA,NA,NA
"17",NA,NA,NA,NA,NA,NA,NA,NA,NA,NA,NA,NA,NA,NA,NA,NA,NA,NA,NA,NA,NA,NA,NA,NA,NA,NA,NA,NA,NA,NA,NA,NA,NA,NA,NA,NA,NA,NA,NA,NA,NA,NA,NA,NA,NA,NA,NA,NA,NA,NA,NA,NA,0.0769230769230769,0.179487179487179,0.46875,0.294117647058824,0.533333333333333,0.472222222222222,0.730769230769231,0.5,1.33333333333333,0.363636363636364,0.529411764705882,0.545454545454545,0.260869565217391,0.1,0.0625,NA,NA,NA,NA,NA,NA,NA,NA,NA,NA,NA,NA,NA,NA,NA,NA
"18",NA,NA,NA,NA,NA,NA,NA,NA,NA,NA,NA,NA,NA,NA,NA,NA,NA,NA,NA,NA,NA,NA,NA,NA,NA,NA,NA,NA,NA,NA,NA,NA,NA,NA,NA,NA,NA,NA,NA,NA,NA,NA,NA,NA,NA,NA,NA,NA,NA,NA,NA,NA,0.0666666666666667,0.0952380952380952,0.342105263157895,0.592592592592593,0.566666666666667,0.388888888888889,0.777777777777778,0.681818181818182,0.545454545454545,0.37037037037037,0.4375,0.393939393939394,0.25,0.103448275862069,0.0952380952380952,NA,NA,NA,NA,NA,NA,NA,NA,NA,NA,NA,NA,NA,NA,NA,NA
"19",NA,NA,NA,NA,NA,NA,NA,NA,NA,NA,NA,NA,NA,NA,NA,NA,NA,NA,NA,NA,NA,NA,NA,NA,NA,NA,NA,NA,NA,NA,NA,NA,NA,NA,NA,NA,NA,NA,NA,NA,NA,NA,NA,NA,NA,NA,NA,NA,NA,NA,NA,NA,0.153846153846154,0.166666666666667,0.357142857142857,0.441176470588235,0.5,0.441176470588235,0.566666666666667,0.565217391304348,1.33333333333333,0.548387096774194,0.4375,0.4375,0.333333333333333,0.1,0.0769230769230769,NA,NA,NA,NA,NA,NA,NA,NA,NA,NA,NA,NA,NA,NA,NA,NA
"20",NA,NA,NA,NA,NA,NA,NA,NA,NA,NA,NA,NA,NA,NA,NA,NA,NA,NA,NA,NA,NA,NA,NA,NA,NA,NA,NA,NA,NA,NA,NA,NA,NA,NA,NA,NA,NA,NA,NA,NA,NA,NA,NA,NA,NA,NA,NA,NA,NA,NA,NA,NA,0.185185185185185,0.210526315789474,0.351351351351351,0.428571428571429,0.428571428571429,0.567567567567568,0.888888888888889,0.607142857142857,0.727272727272727,0.428571428571429,0.5,0.5,0.227272727272727,0.103448275862069,0.0869565217391304,NA,NA,NA,NA,NA,NA,NA,NA,NA,NA,NA,NA,NA,NA,NA,NA
"21",NA,NA,NA,NA,NA,NA,NA,NA,NA,NA,NA,NA,NA,NA,NA,NA,NA,NA,NA,NA,NA,NA,NA,NA,NA,NA,NA,NA,NA,NA,NA,NA,NA,NA,NA,NA,NA,NA,NA,NA,NA,NA,NA,NA,NA,NA,NA,NA,NA,NA,NA,NA,0.0645161290322581,0.152173913043478,0.375,0.378378378378378,0.6,0.617647058823529,0.575757575757576,0.7,1.25,0.483870967741935,0.8,0.448275862068966,0.285714285714286,0.1,0.142857142857143,NA,NA,NA,NA,NA,NA,NA,NA,NA,NA,NA,NA,NA,NA,NA,NA
"22",NA,NA,NA,NA,NA,NA,NA,NA,NA,NA,NA,NA,NA,NA,NA,NA,NA,NA,NA,NA,NA,NA,NA,NA,NA,NA,NA,NA,NA,NA,NA,NA,NA,NA,NA,NA,NA,NA,NA,NA,NA,NA,NA,NA,NA,NA,NA,NA,NA,NA,NA,NA,0.0769230769230769,0.121951219512195,0.424242424242424,0.382352941176471,0.421052631578947,0.514285714285714,0.75,0.407407407407407,1,0.4375,0.555555555555556,0.378378378378378,0.304347826086957,0.1,0.0952380952380952,NA,NA,NA,NA,NA,NA,NA,NA,NA,NA,NA,NA,NA,NA,NA,NA
"23",NA,NA,NA,NA,NA,NA,NA,NA,NA,NA,NA,NA,NA,NA,NA,NA,NA,NA,NA,NA,NA,NA,NA,NA,NA,NA,NA,NA,NA,NA,NA,NA,NA,NA,NA,NA,NA,NA,NA,NA,NA,NA,NA,NA,NA,NA,NA,NA,NA,NA,NA,NA,0.0833333333333333,0.133333333333333,0.40625,0.40625,0.678571428571429,0.405405405405405,0.620689655172414,0.521739130434783,1,0.294117647058824,0.615384615384615,0.580645161290323,0.28,0.1,0.125,NA,NA,NA,NA,NA,NA,NA,NA,NA,NA,NA,NA,NA,NA,NA,NA
"24",NA,NA,NA,NA,NA,NA,NA,NA,NA,NA,NA,NA,NA,NA,NA,NA,NA,NA,NA,NA,NA,NA,NA,NA,NA,NA,NA,NA,NA,NA,NA,NA,NA,NA,NA,NA,NA,NA,NA,NA,NA,NA,NA,NA,NA,NA,NA,NA,NA,NA,NA,NA,0.142857142857143,0.142857142857143,0.352941176470588,0.64,0.454545454545455,0.4,0.642857142857143,0.444444444444444,0.777777777777778,0.371428571428571,0.533333333333333,0.466666666666667,0.230769230769231,0.103448275862069,0.0833333333333333,NA,NA,NA,NA,NA,NA,NA,NA,NA,NA,NA,NA,NA,NA,NA,NA
"25",NA,NA,NA,NA,NA,NA,NA,NA,NA,NA,NA,NA,NA,NA,NA,NA,NA,NA,NA,NA,NA,NA,NA,NA,NA,NA,NA,NA,NA,NA,NA,NA,NA,NA,NA,NA,NA,NA,NA,NA,NA,NA,NA,NA,NA,NA,NA,NA,NA,NA,NA,NA,0.0689655172413793,0.153846153846154,0.303030303030303,0.419354838709677,0.5,0.432432432432432,0.612903225806452,0.6,1,0.464285714285714,0.714285714285714,0.428571428571429,0.259259259259259,0.103448275862069,0.0833333333333333,NA,NA,NA,NA,NA,NA,NA,NA,NA,NA,NA,NA,NA,NA,NA,NA
"26",NA,NA,NA,NA,NA,NA,NA,NA,NA,NA,NA,NA,NA,NA,NA,NA,NA,NA,NA,NA,NA,NA,NA,NA,NA,NA,NA,NA,NA,NA,NA,NA,NA,NA,NA,NA,NA,NA,NA,NA,NA,NA,NA,NA,NA,NA,NA,NA,NA,NA,NA,NA,0.227272727272727,0.131578947368421,0.368421052631579,0.323529411764706,0.432432432432432,0.441860465116279,0.633333333333333,0.583333333333333,0.833333333333333,0.382352941176471,0.4375,0.481481481481481,0.172413793103448,0.103448275862069,0.136363636363636,NA,NA,NA,NA,NA,NA,NA,NA,NA,NA,NA,NA,NA,NA,NA,NA
"27",NA,NA,NA,NA,NA,NA,NA,NA,NA,NA,NA,NA,NA,NA,NA,NA,NA,NA,NA,NA,NA,NA,NA,NA,NA,NA,NA,NA,NA,NA,NA,NA,NA,NA,NA,NA,NA,NA,NA,NA,NA,NA,NA,NA,NA,NA,NA,NA,NA,NA,NA,NA,0.125,0.130434782608696,0.361111111111111,0.46875,0.535714285714286,0.425,0.92,0.56,0.9,0.5,0.777777777777778,0.375,0.206896551724138,0.1,0.0769230769230769,NA,NA,NA,NA,NA,NA,NA,NA,NA,NA,NA,NA,NA,NA,NA,NA
"28",NA,NA,NA,NA,NA,NA,NA,NA,NA,NA,NA,NA,NA,NA,NA,NA,NA,NA,NA,NA,NA,NA,NA,NA,NA,NA,NA,NA,NA,NA,NA,NA,NA,NA,NA,NA,NA,NA,NA,NA,NA,NA,NA,NA,NA,NA,NA,NA,NA,NA,NA,NA,0.0666666666666667,0.108108108108108,0.419354838709677,0.441176470588235,0.416666666666667,0.588235294117647,0.724137931034483,0.48,1.14285714285714,0.470588235294118,0.6,0.419354838709677,0.217391304347826,0.137931034482759,0.0740740740740741,NA,NA,NA,NA,NA,NA,NA,NA,NA,NA,NA,NA,NA,NA,NA,NA
"29",NA,NA,NA,NA,NA,NA,NA,NA,NA,NA,NA,NA,NA,NA,NA,NA,NA,NA,NA,NA,NA,NA,NA,NA,NA,NA,NA,NA,NA,NA,NA,NA,NA,NA,NA,NA,NA,NA,NA,NA,NA,NA,NA,NA,NA,NA,NA,NA,NA,NA,NA,NA,0.115384615384615,0.162790697674419,0.4375,0.393939393939394,0.5,0.454545454545455,0.8,0.576923076923077,1.28571428571429,0.421052631578947,0.529411764705882,0.466666666666667,0.36,0.103448275862069,0.08,NA,NA,NA,NA,NA,NA,NA,NA,NA,NA,NA,NA,NA,NA,NA,NA
"30",NA,NA,NA,NA,NA,NA,NA,NA,NA,NA,NA,NA,NA,NA,NA,NA,NA,NA,NA,NA,NA,NA,NA,NA,NA,NA,NA,NA,NA,NA,NA,NA,NA,NA,NA,NA,NA,NA,NA,NA,NA,NA,NA,NA,NA,NA,NA,NA,NA,NA,NA,NA,0.217391304347826,0.116279069767442,0.454545454545455,0.371428571428571,0.551724137931034,0.405405405405405,0.72,0.571428571428571,1.25,0.53125,0.5,0.405405405405405,0.307692307692308,0.1,0.0833333333333333,NA,NA,NA,NA,NA,NA,NA,NA,NA,NA,NA,NA,NA,NA,NA,NA
"31",NA,NA,NA,NA,NA,NA,NA,NA,NA,NA,NA,NA,NA,NA,NA,NA,NA,NA,NA,NA,NA,NA,NA,NA,NA,NA,NA,NA,NA,NA,NA,NA,NA,NA,NA,NA,NA,NA,NA,NA,NA,NA,NA,NA,NA,NA,NA,NA,NA,NA,NA,NA,0.0666666666666667,0.125,0.351351351351351,0.571428571428571,0.416666666666667,0.428571428571429,0.708333333333333,0.714285714285714,0.642857142857143,0.342105263157895,0.647058823529412,0.516129032258065,0.269230769230769,0.1,0.0909090909090909,NA,NA,NA,NA,NA,NA,NA,NA,NA,NA,NA,NA,NA,NA,NA,NA
"32",NA,NA,NA,NA,NA,NA,NA,NA,NA,NA,NA,NA,NA,NA,NA,NA,NA,NA,NA,NA,NA,NA,NA,NA,NA,NA,NA,NA,NA,NA,NA,NA,NA,NA,NA,NA,NA,NA,NA,NA,NA,NA,NA,NA,NA,NA,NA,NA,NA,NA,NA,NA,0.09375,0.128205128205128,0.382352941176471,0.444444444444444,0.457142857142857,0.515151515151515,0.655172413793103,0.461538461538462,1,0.34375,0.714285714285714,0.518518518518518,0.2,0.1,0.0833333333333333,NA,NA,NA,NA,NA,NA,NA,NA,NA,NA,NA,NA,NA,NA,NA,NA
"33",NA,NA,NA,NA,NA,NA,NA,NA,NA,NA,NA,NA,NA,NA,NA,NA,NA,NA,NA,NA,NA,NA,NA,NA,NA,NA,NA,NA,NA,NA,NA,NA,NA,NA,NA,NA,NA,NA,NA,NA,NA,NA,NA,NA,NA,NA,NA,NA,NA,NA,NA,NA,0.103448275862069,0.222222222222222,0.466666666666667,0.371428571428571,0.542857142857143,0.46875,0.576923076923077,0.571428571428571,1,0.428571428571429,0.666666666666667,0.483870967741935,0.296296296296296,0.137931034482759,0.0952380952380952,NA,NA,NA,NA,NA,NA,NA,NA,NA,NA,NA,NA,NA,NA,NA,NA
"34",NA,NA,NA,NA,NA,NA,NA,NA,NA,NA,NA,NA,NA,NA,NA,NA,NA,NA,NA,NA,NA,NA,NA,NA,NA,NA,NA,NA,NA,NA,NA,NA,NA,NA,NA,NA,NA,NA,NA,NA,NA,NA,NA,NA,NA,NA,NA,NA,NA,NA,NA,NA,0.137931034482759,0.102564102564103,0.5,0.413793103448276,0.575757575757576,0.358974358974359,0.551724137931034,0.75,1,0.393939393939394,0.4,0.433333333333333,0.25,0.133333333333333,0.0909090909090909,NA,NA,NA,NA,NA,NA,NA,NA,NA,NA,NA,NA,NA,NA,NA,NA
"35",NA,NA,NA,NA,NA,NA,NA,NA,NA,NA,NA,NA,NA,NA,NA,NA,NA,NA,NA,NA,NA,NA,NA,NA,NA,NA,NA,NA,NA,NA,NA,NA,NA,NA,NA,NA,NA,NA,NA,NA,NA,NA,NA,NA,NA,NA,NA,NA,NA,NA,NA,NA,0.136363636363636,0.205128205128205,0.444444444444444,0.333333333333333,0.41025641025641,0.411764705882353,0.580645161290323,0.517241379310345,0.888888888888889,0.482758620689655,0.631578947368421,0.393939393939394,0.24,0.103448275862069,0.111111111111111,NA,NA,NA,NA,NA,NA,NA,NA,NA,NA,NA,NA,NA,NA,NA,NA
"36",NA,NA,NA,NA,NA,NA,NA,NA,NA,NA,NA,NA,NA,NA,NA,NA,NA,NA,NA,NA,NA,NA,NA,NA,NA,NA,NA,NA,NA,NA,NA,NA,NA,NA,NA,NA,NA,NA,NA,NA,NA,NA,NA,NA,NA,NA,NA,NA,NA,NA,NA,NA,0.12,0.2,0.484848484848485,0.424242424242424,0.472222222222222,0.459459459459459,0.655172413793103,0.68,0.9,0.419354838709677,0.533333333333333,0.464285714285714,0.230769230769231,0.103448275862069,0.0952380952380952,NA,NA,NA,NA,NA,NA,NA,NA,NA,NA,NA,NA,NA,NA,NA,NA
"37",NA,NA,NA,NA,NA,NA,NA,NA,NA,NA,NA,NA,NA,NA,NA,NA,NA,NA,NA,NA,NA,NA,NA,NA,NA,NA,NA,NA,NA,NA,NA,NA,NA,NA,NA,NA,NA,NA,NA,NA,NA,NA,NA,NA,NA,NA,NA,NA,NA,NA,NA,NA,0.0833333333333333,0.133333333333333,0.454545454545455,0.40625,0.516129032258065,0.46875,0.678571428571429,0.857142857142857,0.818181818181818,0.371428571428571,0.5,0.419354838709677,0.32,0.0967741935483871,0.0833333333333333,NA,NA,NA,NA,NA,NA,NA,NA,NA,NA,NA,NA,NA,NA,NA,NA
"38",NA,NA,NA,NA,NA,NA,NA,NA,NA,NA,NA,NA,NA,NA,NA,NA,NA,NA,NA,NA,NA,NA,NA,NA,NA,NA,NA,NA,NA,NA,NA,NA,NA,NA,NA,NA,NA,NA,NA,NA,NA,NA,NA,NA,NA,NA,NA,NA,NA,NA,NA,NA,0.103448275862069,0.0888888888888889,0.361111111111111,0.375,0.439024390243902,0.475,0.68,0.518518518518518,1,0.342105263157895,0.5,0.46875,0.260869565217391,0.103448275862069,0.0769230769230769,NA,NA,NA,NA,NA,NA,NA,NA,NA,NA,NA,NA,NA,NA,NA,NA
"39",NA,NA,NA,NA,NA,NA,NA,NA,NA,NA,NA,NA,NA,NA,NA,NA,NA,NA,NA,NA,NA,NA,NA,NA,NA,NA,NA,NA,NA,NA,NA,NA,NA,NA,NA,NA,NA,NA,NA,NA,NA,NA,NA,NA,NA,NA,NA,NA,NA,NA,NA,NA,0.0714285714285714,0.105263157894737,0.40625,0.35,0.444444444444444,0.357142857142857,0.655172413793103,0.555555555555556,0.9,0.382352941176471,0.466666666666667,0.371428571428571,0.222222222222222,0.103448275862069,0.0869565217391304,NA,NA,NA,NA,NA,NA,NA,NA,NA,NA,NA,NA,NA,NA,NA,NA
"40",NA,NA,NA,NA,NA,NA,NA,NA,NA,NA,NA,NA,NA,NA,NA,NA,NA,NA,NA,NA,NA,NA,NA,NA,NA,NA,NA,NA,NA,NA,NA,NA,NA,NA,NA,NA,NA,NA,NA,NA,NA,NA,NA,NA,NA,NA,NA,NA,NA,NA,NA,NA,0.0740740740740741,0.0930232558139535,0.315789473684211,0.371428571428571,0.454545454545455,0.512820512820513,0.592592592592593,0.5,1.22222222222222,0.424242424242424,0.714285714285714,0.363636363636364,0.24,0.1,0.0952380952380952,NA,NA,NA,NA,NA,NA,NA,NA,NA,NA,NA,NA,NA,NA,NA,NA
"41",NA,NA,NA,NA,NA,NA,NA,NA,NA,NA,NA,NA,NA,NA,NA,NA,NA,NA,NA,NA,NA,NA,NA,NA,NA,NA,NA,NA,NA,NA,NA,NA,NA,NA,NA,NA,NA,NA,NA,NA,NA,NA,NA,NA,NA,NA,NA,NA,NA,NA,NA,NA,0.115384615384615,0.0869565217391304,0.4375,0.393939393939394,0.484848484848485,0.34,0.666666666666667,0.428571428571429,0.769230769230769,0.40625,0.5,0.555555555555556,0.318181818181818,0.103448275862069,0.0869565217391304,NA,NA,NA,NA,NA,NA,NA,NA,NA,NA,NA,NA,NA,NA,NA,NA
"42",NA,NA,NA,NA,NA,NA,NA,NA,NA,NA,NA,NA,NA,NA,NA,NA,NA,NA,NA,NA,NA,NA,NA,NA,NA,NA,NA,NA,NA,NA,NA,NA,NA,NA,NA,NA,NA,NA,NA,NA,NA,NA,NA,NA,NA,NA,NA,NA,NA,NA,NA,NA,0.0689655172413793,0.230769230769231,0.363636363636364,0.41025641025641,0.457142857142857,0.307692307692308,0.653846153846154,0.772727272727273,0.785714285714286,0.382352941176471,0.5,0.448275862068966,0.259259259259259,0.1,0.111111111111111,NA,NA,NA,NA,NA,NA,NA,NA,NA,NA,NA,NA,NA,NA,NA,NA
"43",NA,NA,NA,NA,NA,NA,NA,NA,NA,NA,NA,NA,NA,NA,NA,NA,NA,NA,NA,NA,NA,NA,NA,NA,NA,NA,NA,NA,NA,NA,NA,NA,NA,NA,NA,NA,NA,NA,NA,NA,NA,NA,NA,NA,NA,NA,NA,NA,NA,NA,NA,NA,0.142857142857143,0.105263157894737,0.272727272727273,0.34375,0.447368421052632,0.4,0.53125,0.75,1,0.555555555555556,0.6,0.392857142857143,0.230769230769231,0.103448275862069,0.136363636363636,NA,NA,NA,NA,NA,NA,NA,NA,NA,NA,NA,NA,NA,NA,NA,NA
"44",NA,NA,NA,NA,NA,NA,NA,NA,NA,NA,NA,NA,NA,NA,NA,NA,NA,NA,NA,NA,NA,NA,NA,NA,NA,NA,NA,NA,NA,NA,NA,NA,NA,NA,NA,NA,NA,NA,NA,NA,NA,NA,NA,NA,NA,NA,NA,NA,NA,NA,NA,NA,0.0740740740740741,0.130434782608696,0.529411764705882,0.433333333333333,0.4375,0.377777777777778,1,0.5,0.6,0.4,0.368421052631579,0.424242424242424,0.333333333333333,0.103448275862069,0.0909090909090909,NA,NA,NA,NA,NA,NA,NA,NA,NA,NA,NA,NA,NA,NA,NA,NA
"45",NA,NA,NA,NA,NA,NA,NA,NA,NA,NA,NA,NA,NA,NA,NA,NA,NA,NA,NA,NA,NA,NA,NA,NA,NA,NA,NA,NA,NA,NA,NA,NA,NA,NA,NA,NA,NA,NA,NA,NA,NA,NA,NA,NA,NA,NA,NA,NA,NA,NA,NA,NA,0.153846153846154,0.145833333333333,0.351351351351351,0.379310344827586,0.5,0.459459459459459,0.642857142857143,0.48,0.888888888888889,0.297297297297297,0.615384615384615,0.388888888888889,0.391304347826087,0.1,0.1,NA,NA,NA,NA,NA,NA,NA,NA,NA,NA,NA,NA,NA,NA,NA,NA
"46",NA,NA,NA,NA,NA,NA,NA,NA,NA,NA,NA,NA,NA,NA,NA,NA,NA,NA,NA,NA,NA,NA,NA,NA,NA,NA,NA,NA,NA,NA,NA,NA,NA,NA,NA,NA,NA,NA,NA,NA,NA,NA,NA,NA,NA,NA,NA,NA,NA,NA,NA,NA,0.0769230769230769,0.175,0.419354838709677,0.533333333333333,0.472222222222222,0.628571428571429,0.655172413793103,0.80952380952381,0.615384615384615,0.333333333333333,0.714285714285714,0.482758620689655,0.25,0.133333333333333,0.0909090909090909,NA,NA,NA,NA,NA,NA,NA,NA,NA,NA,NA,NA,NA,NA,NA,NA
"47",NA,NA,NA,NA,NA,NA,NA,NA,NA,NA,NA,NA,NA,NA,NA,NA,NA,NA,NA,NA,NA,NA,NA,NA,NA,NA,NA,NA,NA,NA,NA,NA,NA,NA,NA,NA,NA,NA,NA,NA,NA,NA,NA,NA,NA,NA,NA,NA,NA,NA,NA,NA,0.0714285714285714,0.189189189189189,0.424242424242424,0.393939393939394,0.470588235294118,0.435897435897436,0.642857142857143,0.451612903225806,1.14285714285714,0.428571428571429,0.8,0.515151515151515,0.25,0.103448275862069,0.0740740740740741,NA,NA,NA,NA,NA,NA,NA,NA,NA,NA,NA,NA,NA,NA,NA,NA
"48",NA,NA,NA,NA,NA,NA,NA,NA,NA,NA,NA,NA,NA,NA,NA,NA,NA,NA,NA,NA,NA,NA,NA,NA,NA,NA,NA,NA,NA,NA,NA,NA,NA,NA,NA,NA,NA,NA,NA,NA,NA,NA,NA,NA,NA,NA,NA,NA,NA,NA,NA,NA,0.0689655172413793,0.170731707317073,0.34375,0.586206896551724,0.368421052631579,0.454545454545455,0.65625,0.68,1.25,0.314285714285714,0.6,0.411764705882353,0.260869565217391,0.1,0.0689655172413793,NA,NA,NA,NA,NA,NA,NA,NA,NA,NA,NA,NA,NA,NA,NA,NA
"49",NA,NA,NA,NA,NA,NA,NA,NA,NA,NA,NA,NA,NA,NA,NA,NA,NA,NA,NA,NA,NA,NA,NA,NA,NA,NA,NA,NA,NA,NA,NA,NA,NA,NA,NA,NA,NA,NA,NA,NA,NA,NA,NA,NA,NA,NA,NA,NA,NA,NA,NA,NA,0.0769230769230769,0.119047619047619,0.307692307692308,0.4375,0.6,0.5,0.620689655172414,0.565217391304348,0.888888888888889,0.428571428571429,0.75,0.4,0.25,0.1,0.0833333333333333,NA,NA,NA,NA,NA,NA,NA,NA,NA,NA,NA,NA,NA,NA,NA,NA
"50",NA,NA,NA,NA,NA,NA,NA,NA,NA,NA,NA,NA,NA,NA,NA,NA,NA,NA,NA,NA,NA,NA,NA,NA,NA,NA,NA,NA,NA,NA,NA,NA,NA,NA,NA,NA,NA,NA,NA,NA,NA,NA,NA,NA,NA,NA,NA,NA,NA,NA,NA,NA,0.0625,0.0975609756097561,0.315789473684211,0.46875,0.515151515151515,0.472222222222222,0.75,0.517241379310345,0.666666666666667,0.387096774193548,0.714285714285714,0.375,0.318181818181818,0.103448275862069,0.0833333333333333,NA,NA,NA,NA,NA,NA,NA,NA,NA,NA,NA,NA,NA,NA,NA,NA
