"","16","17","49","50","51","52","59","66","67","68","69","70","71","72","73","74","75","76","77","78","79","80","81","82","83","84","85","86","87","88","89","90","94"
"1",NA,NA,NA,NA,NA,NA,NA,NA,NA,NA,NA,NA,NA,NA,NA,0.333333333333333,0.5,1,0.6,NA,0.571428571428571,0.5,1.1,0.833333333333333,1.08333333333333,1,1.33333333333333,1.15384615384615,0.954545454545455,1.05263157894737,1.13333333333333,0.9,NA
"2",NA,NA,NA,NA,NA,NA,NA,NA,NA,NA,NA,NA,NA,NA,NA,0.333333333333333,0.5,0.363636363636364,0.2,NA,0.363636363636364,0.5,0.909090909090909,1,1.15384615384615,1,1.71428571428571,1,1.0952380952381,1,1.06666666666667,0.9,NA
"3",NA,NA,NA,NA,NA,NA,NA,NA,NA,NA,NA,NA,NA,NA,NA,0.25,0.5,0.571428571428571,0.25,NA,0.4,0.833333333333333,0.7,1,1.23076923076923,1.125,1.09090909090909,1.16666666666667,0.923076923076923,1.05555555555556,1,0.9,NA
"4",NA,NA,NA,NA,NA,NA,NA,NA,NA,NA,NA,NA,NA,NA,NA,0.25,0.5,0.571428571428571,0.25,NA,0.444444444444444,0.625,0.777777777777778,0.866666666666667,1.08333333333333,1,0.692307692307692,1.27272727272727,1.04347826086957,0.909090909090909,1.125,0.666666666666667,NA
"5",NA,NA,NA,NA,NA,NA,NA,NA,NA,NA,NA,NA,NA,NA,NA,0.25,0.5,0.8,0.25,NA,0.444444444444444,0.571428571428571,0.888888888888889,1.14285714285714,1,1,1.08333333333333,0.923076923076923,1,0.947368421052632,1.0625,0.8,NA
"6",NA,NA,NA,NA,NA,NA,NA,NA,NA,NA,NA,NA,NA,NA,NA,0.333333333333333,0.5,0.8,0.5,NA,0.333333333333333,0.428571428571429,1.25,1.06666666666667,1.2,0.9,1.36363636363636,0.8125,0.909090909090909,1,1,0.9,NA
"7",NA,NA,NA,NA,NA,NA,NA,NA,NA,NA,NA,NA,NA,NA,NA,0.333333333333333,0.5,0.428571428571429,0.166666666666667,NA,0.5,0.571428571428571,0.9,0.823529411764706,1,1.125,0.727272727272727,0.857142857142857,0.875,1,1,1,NA
"8",NA,NA,NA,NA,NA,NA,NA,NA,NA,NA,NA,NA,NA,NA,NA,0.25,0.5,0.5,0.333333333333333,NA,0.5,0.5,0.8,1.28571428571429,1.07692307692308,0.777777777777778,0.888888888888889,1,1.05,0.857142857142857,0.842105263157895,1.3,NA
"9",NA,NA,NA,NA,NA,NA,NA,NA,NA,NA,NA,NA,NA,NA,NA,0.25,0.5,0.5,0.25,NA,0.5,0.666666666666667,1.22222222222222,0.933333333333333,1.08333333333333,1.125,1.28571428571429,1,1.14285714285714,1.05263157894737,0.888888888888889,0.9,NA
"10",NA,NA,NA,NA,NA,NA,NA,NA,NA,NA,NA,NA,NA,NA,NA,0.333333333333333,0.333333333333333,0.3,0.25,NA,0.714285714285714,0.666666666666667,0.9,0.8,1.07692307692308,0.777777777777778,0.818181818181818,1,0.954545454545455,1,1.06666666666667,0.818181818181818,NA
"11",NA,NA,NA,NA,NA,NA,NA,NA,NA,NA,NA,NA,NA,NA,NA,0.25,0.5,0.444444444444444,0.142857142857143,NA,0.375,0.666666666666667,0.8,1.06666666666667,0.933333333333333,1.42857142857143,1.375,0.8,0.833333333333333,1,1,0.888888888888889,NA
"12",NA,NA,NA,NA,NA,NA,NA,NA,NA,NA,NA,NA,NA,NA,NA,0.333333333333333,0.25,0.6,0.2,NA,0.625,0.428571428571429,1.33333333333333,1.07692307692308,1.36363636363636,0.818181818181818,1,1,1.05263157894737,1.16666666666667,1.0625,0.7,NA
"13",NA,NA,NA,NA,NA,NA,NA,NA,NA,NA,NA,NA,NA,NA,NA,0.333333333333333,0.5,0.857142857142857,0.166666666666667,NA,0.5,0.75,0.888888888888889,0.866666666666667,1.15384615384615,1.11111111111111,0.636363636363636,1.07692307692308,1.09090909090909,0.904761904761905,1.06666666666667,1,NA
"14",NA,NA,NA,NA,NA,NA,NA,NA,NA,NA,NA,NA,NA,NA,NA,0.25,0.5,0.6,0.25,NA,0.5,0.5,1.1,0.928571428571429,1,0.888888888888889,0.615384615384615,1.23076923076923,1,1.05263157894737,0.789473684210526,1.4,NA
"15",NA,NA,NA,NA,NA,NA,NA,NA,NA,NA,NA,NA,NA,NA,NA,0.25,0.25,0.833333333333333,0.25,NA,0.666666666666667,0.666666666666667,0.636363636363636,1.06666666666667,0.705882352941177,1.125,1.22222222222222,1,1.26315789473684,1.05263157894737,1.13333333333333,1,NA
"16",NA,NA,NA,NA,NA,NA,NA,NA,NA,NA,NA,NA,NA,NA,NA,0.333333333333333,0.5,0.571428571428571,0.2,NA,0.375,0.5,0.818181818181818,1.07142857142857,0.866666666666667,1,1.375,1,1.04761904761905,1.05555555555556,0.882352941176471,1.11111111111111,NA
"17",NA,NA,NA,NA,NA,NA,NA,NA,NA,NA,NA,NA,NA,NA,NA,0.333333333333333,0.333333333333333,0.5,0.25,NA,0.571428571428571,0.666666666666667,0.888888888888889,0.866666666666667,0.875,0.538461538461538,0.909090909090909,1,0.75,1,1.125,0.8,NA
"18",NA,NA,NA,NA,NA,NA,NA,NA,NA,NA,NA,NA,NA,NA,NA,0.25,0.333333333333333,0.8,0.166666666666667,NA,0.444444444444444,0.571428571428571,1.1,0.923076923076923,1,1,1,0.875,0.916666666666667,1.10526315789474,1,0.8,NA
"19",NA,NA,NA,NA,NA,NA,NA,NA,NA,NA,NA,NA,NA,NA,NA,0.333333333333333,0.5,0.666666666666667,0.285714285714286,NA,0.333333333333333,0.666666666666667,0.777777777777778,1,1.09090909090909,1.11111111111111,1.11111111111111,1.09090909090909,1.14285714285714,0.95,1.125,1.375,NA
"20",NA,NA,NA,NA,NA,NA,NA,NA,NA,NA,NA,NA,NA,NA,NA,0.25,0.5,0.8,0.5,NA,0.375,0.428571428571429,1.42857142857143,0.866666666666667,0.866666666666667,1.11111111111111,1.25,1,0.857142857142857,0.947368421052632,1.125,0.7,NA
"21",NA,NA,NA,NA,NA,NA,NA,NA,NA,NA,NA,NA,NA,NA,NA,0.333333333333333,0.5,0.714285714285714,0.166666666666667,NA,0.444444444444444,0.666666666666667,1.375,0.933333333333333,0.923076923076923,1.11111111111111,1,0.928571428571429,0.91304347826087,1,0.941176470588235,1.09090909090909,NA
"22",NA,NA,NA,NA,NA,NA,NA,NA,NA,NA,NA,NA,NA,NA,NA,0.25,0.5,0.5,0.166666666666667,NA,0.272727272727273,0.428571428571429,1,0.8125,0.846153846153846,1,1.11111111111111,0.933333333333333,1.04761904761905,0.947368421052632,1,1.14285714285714,NA
"23",NA,NA,NA,NA,NA,NA,NA,NA,NA,NA,NA,NA,NA,NA,NA,0.25,0.5,0.833333333333333,0.25,NA,0.428571428571429,0.571428571428571,0.888888888888889,0.866666666666667,1.07142857142857,0.777777777777778,0.818181818181818,1.18181818181818,1.1,1,0.894736842105263,0.909090909090909,NA
"24",NA,NA,NA,NA,NA,NA,NA,NA,NA,NA,NA,NA,NA,NA,NA,0.333333333333333,0.5,0.8,0.333333333333333,NA,0.428571428571429,0.571428571428571,0.9,1.07142857142857,0.666666666666667,1.11111111111111,1.1,0.8125,1.26315789473684,1,1.17647058823529,0.75,NA
"25",NA,NA,NA,NA,NA,NA,NA,NA,NA,NA,NA,NA,NA,NA,NA,0.333333333333333,0.333333333333333,1,0.166666666666667,NA,0.428571428571429,0.571428571428571,1,1.07692307692308,1.54545454545455,0.636363636363636,0.615384615384615,0.928571428571429,1.19047619047619,0.947368421052632,1,1.375,NA
"26",NA,NA,NA,NA,NA,NA,NA,NA,NA,NA,NA,NA,NA,NA,NA,0.2,0.5,1,0.6,NA,0.3,0.571428571428571,1,1,0.875,1,1,1,0.956521739130435,1.05263157894737,0.833333333333333,1.11111111111111,NA
"27",NA,NA,NA,NA,NA,NA,NA,NA,NA,NA,NA,NA,NA,NA,NA,0.333333333333333,0.333333333333333,0.75,0.2,NA,0.333333333333333,0.666666666666667,1.11111111111111,0.941176470588235,0.666666666666667,0.666666666666667,0.916666666666667,1.27272727272727,0.8,1,1,0.9,NA
"28",NA,NA,NA,NA,NA,NA,NA,NA,NA,NA,NA,NA,NA,NA,NA,0.333333333333333,0.5,0.428571428571429,0.2,NA,0.5,0.8,1.3,1.08333333333333,1,0.8,0.923076923076923,1.07142857142857,0.958333333333333,1,1.06666666666667,1.5,NA
"29",NA,NA,NA,NA,NA,NA,NA,NA,NA,NA,NA,NA,NA,NA,NA,0.333333333333333,0.5,0.666666666666667,0.2,NA,0.428571428571429,0.5,0.9,1.07142857142857,0.882352941176471,1.125,0.692307692307692,1,0.875,1,0.789473684210526,0.909090909090909,NA
"30",NA,NA,NA,NA,NA,NA,NA,NA,NA,NA,NA,NA,NA,NA,NA,0.333333333333333,0.5,0.428571428571429,0.4,NA,0.5,0.666666666666667,1.11111111111111,1.07692307692308,1.33333333333333,1.25,0.777777777777778,1.16666666666667,1.04761904761905,1,1.2,0.857142857142857,NA
"31",NA,NA,NA,NA,NA,NA,NA,NA,NA,NA,NA,NA,NA,NA,NA,0.25,0.5,0.428571428571429,0.25,NA,0.333333333333333,0.833333333333333,1.11111111111111,1,0.928571428571429,0.777777777777778,0.833333333333333,1.16666666666667,1,0.947368421052632,1.0625,0.8,NA
"32",NA,NA,NA,NA,NA,NA,NA,NA,NA,NA,NA,NA,NA,NA,NA,0.2,0.5,0.666666666666667,0.2,NA,0.375,0.6,1.09090909090909,0.933333333333333,0.8125,1.11111111111111,0.615384615384615,1.07692307692308,1.0952380952381,0.95,1.125,1.11111111111111,NA
"33",NA,NA,NA,NA,NA,NA,NA,NA,NA,NA,NA,NA,NA,NA,NA,0.2,0.5,0.666666666666667,0.6,NA,0.714285714285714,0.5,0.615384615384615,1,0.764705882352941,0.888888888888889,1.125,1.08333333333333,0.875,1.11111111111111,1,0.777777777777778,NA
"34",NA,NA,NA,NA,NA,NA,NA,NA,NA,NA,NA,NA,NA,NA,NA,0.25,0.5,0.8,0.5,NA,0.5,0.5,1.11111111111111,0.866666666666667,1.16666666666667,0.9,0.833333333333333,1,1.08695652173913,1,1.05555555555556,0.9,NA
"35",NA,NA,NA,NA,NA,NA,NA,NA,NA,NA,NA,NA,NA,NA,NA,0.333333333333333,0.333333333333333,0.666666666666667,0.25,NA,0.444444444444444,0.428571428571429,1.2,0.857142857142857,1.07692307692308,1,0.833333333333333,1,0.909090909090909,0.95,1,1.22222222222222,NA
"36",NA,NA,NA,NA,NA,NA,NA,NA,NA,NA,NA,NA,NA,NA,NA,0.333333333333333,0.5,0.5,0.5,NA,0.428571428571429,0.666666666666667,0.8,1.23076923076923,0.866666666666667,1,0.909090909090909,1.18181818181818,1,1.10526315789474,0.789473684210526,0.8,NA
"37",NA,NA,NA,NA,NA,NA,NA,NA,NA,NA,NA,NA,NA,NA,NA,0.2,0.5,0.5,0.25,NA,0.375,0.571428571428571,0.7,1.16666666666667,0.9375,0.7,1,1.07142857142857,1.1,1,1.06666666666667,0.9,NA
"38",NA,NA,NA,NA,NA,NA,NA,NA,NA,NA,NA,NA,NA,NA,NA,0.333333333333333,0.333333333333333,0.428571428571429,0.25,NA,0.428571428571429,0.428571428571429,1,0.933333333333333,1.07692307692308,0.888888888888889,1.125,1.07692307692308,0.956521739130435,1.05555555555556,1,1.5,NA
"39",NA,NA,NA,NA,NA,NA,NA,NA,NA,NA,NA,NA,NA,NA,NA,0.333333333333333,0.5,0.833333333333333,0.25,NA,0.571428571428571,0.375,0.888888888888889,0.875,0.857142857142857,1.125,0.769230769230769,1.07142857142857,1,1.05263157894737,0.941176470588235,0.846153846153846,NA
"40",NA,NA,NA,NA,NA,NA,NA,NA,NA,NA,NA,NA,NA,NA,NA,0.333333333333333,0.5,0.571428571428571,0.5,NA,0.454545454545455,0.5,0.875,1.07692307692308,0.833333333333333,1,1,1,0.84,1,1.13333333333333,1.2,NA
"41",NA,NA,NA,NA,NA,NA,NA,NA,NA,NA,NA,NA,NA,NA,NA,0.25,0.5,0.8,0.2,NA,0.375,0.571428571428571,0.818181818181818,1.08333333333333,0.857142857142857,1.125,0.8,1,1,1,1,0.818181818181818,NA
"42",NA,NA,NA,NA,NA,NA,NA,NA,NA,NA,NA,NA,NA,NA,NA,0.333333333333333,0.5,0.5,0.5,NA,0.571428571428571,0.666666666666667,0.777777777777778,0.8,1,1.125,0.916666666666667,1.27272727272727,0.958333333333333,0.947368421052632,1.125,0.875,NA
"43",NA,NA,NA,NA,NA,NA,NA,NA,NA,NA,NA,NA,NA,NA,NA,0.25,0.5,0.8,0.5,NA,0.666666666666667,0.5,1.11111111111111,0.764705882352941,0.923076923076923,1.25,0.9,1.07142857142857,1,1,1.0625,0.75,NA
"44",NA,NA,NA,NA,NA,NA,NA,NA,NA,NA,NA,NA,NA,NA,NA,0.166666666666667,0.5,0.666666666666667,0.166666666666667,NA,0.333333333333333,0.5,1,1,0.933333333333333,1,0.769230769230769,1.18181818181818,1.09090909090909,0.95,1,0.916666666666667,NA
"45",NA,NA,NA,NA,NA,NA,NA,NA,NA,NA,NA,NA,NA,NA,NA,0.2,0.5,0.625,0.2,NA,0.375,1,0.909090909090909,0.857142857142857,1,1.28571428571429,0.571428571428571,0.923076923076923,0.76,0.9,0.842105263157895,1.57142857142857,NA
"46",NA,NA,NA,NA,NA,NA,NA,NA,NA,NA,NA,NA,NA,NA,NA,0.2,0.333333333333333,0.8,0.2,NA,0.444444444444444,0.5,0.7,1,1.3,0.8,0.909090909090909,1.08333333333333,0.954545454545455,0.952380952380952,1.21428571428571,0.9,NA
"47",NA,NA,NA,NA,NA,NA,NA,NA,NA,NA,NA,NA,NA,NA,NA,0.25,0.333333333333333,0.5,0.2,NA,0.5,0.75,0.538461538461538,1.15384615384615,1.14285714285714,1.25,0.9,1,0.961538461538462,1,1,0.888888888888889,NA
"48",NA,NA,NA,NA,NA,NA,NA,NA,NA,NA,NA,NA,NA,NA,NA,0.25,0.5,0.428571428571429,0.2,NA,0.333333333333333,0.571428571428571,0.888888888888889,0.866666666666667,1,1,0.8,1.25,1.15,1,1.5,1.25,NA
"49",NA,NA,NA,NA,NA,NA,NA,NA,NA,NA,NA,NA,NA,NA,NA,0.333333333333333,0.5,0.8,0.2,NA,0.333333333333333,0.428571428571429,0.833333333333333,0.928571428571429,1.36363636363636,1.11111111111111,1.22222222222222,0.928571428571429,1.04347826086957,1,1.0625,0.875,NA
"50",NA,NA,NA,NA,NA,NA,NA,NA,NA,NA,NA,NA,NA,NA,NA,0.25,0.5,1,0.2,NA,0.428571428571429,0.5,0.8,0.928571428571429,0.875,0.888888888888889,1,1.23076923076923,1.2,1,1,0.909090909090909,NA
