"","1","2","3","4","5","6","7","8","9","10","11","12","13","14","15","16","17","18","19","20","21","22","23","24","25","26","27","28","29","30","31","32","33","34","35","36","37","38","39","40","41","42","43","44","45","46","47","48","49","50","51","52","53","54","55","56","57","58","59","60","61","62","63","64","65","66","67","68","69","70","71","72","73","74","75","76","77","78","79","80","81","82","83","84","85","86","87","88","89","90","94","95","97","98","99","100"
"",NA,NA,NA,NA,NA,NA,NA,NA,NA,NA,NA,NA,NA,NA,NA,NA,NA,NA,NA,NA,NA,NA,NA,NA,NA,NA,NA,NA,NA,NA,NA,NA,NA,NA,NA,NA,NA,NA,NA,NA,NA,NA,NA,NA,NA,NA,NA,NA,NA,NA,NA,NA,5,7,NA,5,11,7,NA,NA,4,2,NA,NA,NA,2,2,6,7,6,17,14,20,16,10,16,12,15,9,16,13,9,7,13,18,NA,2,NA,NA,NA,NA,NA,NA,NA,NA,NA
"",NA,NA,NA,NA,NA,NA,NA,NA,NA,NA,NA,NA,NA,NA,NA,NA,NA,NA,NA,NA,NA,NA,NA,NA,NA,NA,NA,NA,NA,NA,NA,NA,NA,NA,NA,NA,NA,NA,NA,NA,NA,NA,NA,NA,NA,NA,NA,NA,NA,NA,NA,NA,4,6,NA,4,11,6,NA,NA,3,3,NA,NA,NA,2,2,7,7,5,14,17,19,17,11,16,11,15,13,12,11,12,7,12,21,NA,2,NA,NA,NA,NA,NA,NA,NA,NA,NA
"",NA,NA,NA,NA,NA,NA,NA,NA,NA,NA,NA,NA,NA,NA,NA,NA,NA,NA,NA,NA,NA,NA,NA,NA,NA,NA,NA,NA,NA,NA,NA,NA,NA,NA,NA,NA,NA,NA,NA,NA,NA,NA,NA,NA,NA,NA,NA,NA,NA,NA,NA,NA,5,7,NA,4,11,7,NA,NA,5,1,NA,NA,NA,2,2,7,7,4,13,13,22,16,13,16,13,14,10,12,13,11,7,13,23,NA,2,NA,NA,NA,NA,NA,NA,NA,NA,NA
"",NA,NA,NA,NA,NA,NA,NA,NA,NA,NA,NA,NA,NA,NA,NA,NA,NA,NA,NA,NA,NA,NA,NA,NA,NA,NA,NA,NA,NA,NA,NA,NA,NA,NA,NA,NA,NA,NA,NA,NA,NA,NA,NA,NA,NA,NA,NA,NA,NA,NA,NA,NA,4,6,NA,4,11,6,NA,NA,5,1,NA,NA,NA,2,2,6,6,7,14,14,19,15,18,17,14,14,10,11,13,9,6,13,21,NA,3,NA,NA,NA,NA,NA,NA,NA,NA,NA
"",NA,NA,NA,NA,NA,NA,NA,NA,NA,NA,NA,NA,NA,NA,NA,NA,NA,NA,NA,NA,NA,NA,NA,NA,NA,NA,NA,NA,NA,NA,NA,NA,NA,NA,NA,NA,NA,NA,NA,NA,NA,NA,NA,NA,NA,NA,NA,NA,NA,NA,NA,NA,4,7,NA,5,11,6,NA,NA,4,2,NA,NA,NA,3,3,5,5,6,14,12,20,20,12,17,10,16,12,12,12,9,8,13,20,NA,2,NA,NA,NA,NA,NA,NA,NA,NA,NA
"",NA,NA,NA,NA,NA,NA,NA,NA,NA,NA,NA,NA,NA,NA,NA,NA,NA,NA,NA,NA,NA,NA,NA,NA,NA,NA,NA,NA,NA,NA,NA,NA,NA,NA,NA,NA,NA,NA,NA,NA,NA,NA,NA,NA,NA,NA,NA,NA,NA,NA,NA,NA,4,7,NA,5,11,5,NA,NA,5,2,NA,NA,NA,2,3,7,7,7,14,13,18,14,12,18,13,14,11,12,13,14,8,13,19,NA,2,NA,NA,NA,NA,NA,NA,NA,NA,NA
"",NA,NA,NA,NA,NA,NA,NA,NA,NA,NA,NA,NA,NA,NA,NA,NA,NA,NA,NA,NA,NA,NA,NA,NA,NA,NA,NA,NA,NA,NA,NA,NA,NA,NA,NA,NA,NA,NA,NA,NA,NA,NA,NA,NA,NA,NA,NA,NA,NA,NA,NA,NA,4,6,NA,5,11,5,NA,NA,4,1,NA,NA,NA,2,2,6,5,5,16,13,18,16,13,17,10,14,11,13,15,9,7,12,24,NA,2,NA,NA,NA,NA,NA,NA,NA,NA,NA
"",NA,NA,NA,NA,NA,NA,NA,NA,NA,NA,NA,NA,NA,NA,NA,NA,NA,NA,NA,NA,NA,NA,NA,NA,NA,NA,NA,NA,NA,NA,NA,NA,NA,NA,NA,NA,NA,NA,NA,NA,NA,NA,NA,NA,NA,NA,NA,NA,NA,NA,NA,NA,4,6,NA,5,11,7,NA,NA,4,1,NA,NA,NA,3,3,9,7,7,14,12,23,14,14,14,12,13,13,16,12,10,7,12,24,NA,2,NA,NA,NA,NA,NA,NA,NA,NA,NA
"",NA,NA,NA,NA,NA,NA,NA,NA,NA,NA,NA,NA,NA,NA,NA,NA,NA,NA,NA,NA,NA,NA,NA,NA,NA,NA,NA,NA,NA,NA,NA,NA,NA,NA,NA,NA,NA,NA,NA,NA,NA,NA,NA,NA,NA,NA,NA,NA,NA,NA,NA,NA,5,6,NA,3,11,6,NA,NA,3,1,NA,NA,NA,2,2,7,5,4,13,11,21,15,11,15,12,14,12,13,15,12,6,14,24,NA,2,NA,NA,NA,NA,NA,NA,NA,NA,NA
"",NA,NA,NA,NA,NA,NA,NA,NA,NA,NA,NA,NA,NA,NA,NA,NA,NA,NA,NA,NA,NA,NA,NA,NA,NA,NA,NA,NA,NA,NA,NA,NA,NA,NA,NA,NA,NA,NA,NA,NA,NA,NA,NA,NA,NA,NA,NA,NA,NA,NA,NA,NA,5,6,NA,4,11,5,NA,NA,4,1,NA,NA,NA,2,3,9,7,4,14,12,17,17,13,16,12,13,8,11,14,11,7,13,23,NA,3,NA,NA,NA,NA,NA,NA,NA,NA,NA
"",NA,NA,NA,NA,NA,NA,NA,NA,NA,NA,NA,NA,NA,NA,NA,NA,NA,NA,NA,NA,NA,NA,NA,NA,NA,NA,NA,NA,NA,NA,NA,NA,NA,NA,NA,NA,NA,NA,NA,NA,NA,NA,NA,NA,NA,NA,NA,NA,NA,NA,NA,NA,4,7,NA,5,11,5,NA,NA,6,1,NA,NA,NA,2,4,5,6,5,13,14,23,15,12,16,11,13,12,10,12,11,6,12,19,NA,3,NA,NA,NA,NA,NA,NA,NA,NA,NA
"",NA,NA,NA,NA,NA,NA,NA,NA,NA,NA,NA,NA,NA,NA,NA,NA,NA,NA,NA,NA,NA,NA,NA,NA,NA,NA,NA,NA,NA,NA,NA,NA,NA,NA,NA,NA,NA,NA,NA,NA,NA,NA,NA,NA,NA,NA,NA,NA,NA,NA,NA,NA,4,6,NA,4,11,6,NA,NA,3,1,NA,NA,NA,3,5,6,5,6,15,13,24,23,17,17,11,14,9,15,16,13,6,13,21,NA,2,NA,NA,NA,NA,NA,NA,NA,NA,NA
"",NA,NA,NA,NA,NA,NA,NA,NA,NA,NA,NA,NA,NA,NA,NA,NA,NA,NA,NA,NA,NA,NA,NA,NA,NA,NA,NA,NA,NA,NA,NA,NA,NA,NA,NA,NA,NA,NA,NA,NA,NA,NA,NA,NA,NA,NA,NA,NA,NA,NA,NA,NA,4,7,NA,4,11,6,NA,NA,5,1,NA,NA,NA,2,3,6,5,4,14,12,16,15,14,17,11,15,10,13,19,11,8,12,25,NA,2,NA,NA,NA,NA,NA,NA,NA,NA,NA
"",NA,NA,NA,NA,NA,NA,NA,NA,NA,NA,NA,NA,NA,NA,NA,NA,NA,NA,NA,NA,NA,NA,NA,NA,NA,NA,NA,NA,NA,NA,NA,NA,NA,NA,NA,NA,NA,NA,NA,NA,NA,NA,NA,NA,NA,NA,NA,NA,NA,NA,NA,NA,4,7,NA,3,11,5,NA,NA,3,2,NA,NA,NA,2,4,7,5,4,13,14,24,16,10,18,12,15,11,14,15,12,7,12,18,NA,3,NA,NA,NA,NA,NA,NA,NA,NA,NA
"",NA,NA,NA,NA,NA,NA,NA,NA,NA,NA,NA,NA,NA,NA,NA,NA,NA,NA,NA,NA,NA,NA,NA,NA,NA,NA,NA,NA,NA,NA,NA,NA,NA,NA,NA,NA,NA,NA,NA,NA,NA,NA,NA,NA,NA,NA,NA,NA,NA,NA,NA,NA,5,6,NA,4,11,6,NA,NA,3,1,NA,NA,NA,2,4,5,8,5,14,16,21,21,10,16,11,14,9,15,13,11,7,12,22,NA,3,NA,NA,NA,NA,NA,NA,NA,NA,NA
"",NA,NA,NA,NA,NA,NA,NA,NA,NA,NA,NA,NA,NA,NA,NA,NA,NA,NA,NA,NA,NA,NA,NA,NA,NA,NA,NA,NA,NA,NA,NA,NA,NA,NA,NA,NA,NA,NA,NA,NA,NA,NA,NA,NA,NA,NA,NA,NA,NA,NA,NA,NA,6,8,NA,4,11,7,NA,NA,6,3,NA,NA,NA,3,4,6,7,3,16,12,21,13,15,17,12,15,10,11,13,10,7,12,23,NA,2,NA,NA,NA,NA,NA,NA,NA,NA,NA
"",NA,NA,NA,NA,NA,NA,NA,NA,NA,NA,NA,NA,NA,NA,NA,NA,NA,NA,NA,NA,NA,NA,NA,NA,NA,NA,NA,NA,NA,NA,NA,NA,NA,NA,NA,NA,NA,NA,NA,NA,NA,NA,NA,NA,NA,NA,NA,NA,NA,NA,NA,NA,4,6,NA,4,11,5,NA,NA,4,2,NA,NA,NA,3,3,6,5,3,11,12,20,16,10,15,12,16,9,10,12,11,6,12,19,NA,2,NA,NA,NA,NA,NA,NA,NA,NA,NA
"",NA,NA,NA,NA,NA,NA,NA,NA,NA,NA,NA,NA,NA,NA,NA,NA,NA,NA,NA,NA,NA,NA,NA,NA,NA,NA,NA,NA,NA,NA,NA,NA,NA,NA,NA,NA,NA,NA,NA,NA,NA,NA,NA,NA,NA,NA,NA,NA,NA,NA,NA,NA,5,6,NA,4,11,6,NA,NA,3,1,NA,NA,NA,3,3,7,6,4,13,14,23,15,13,18,10,14,12,12,13,12,6,13,20,NA,2,NA,NA,NA,NA,NA,NA,NA,NA,NA
"",NA,NA,NA,NA,NA,NA,NA,NA,NA,NA,NA,NA,NA,NA,NA,NA,NA,NA,NA,NA,NA,NA,NA,NA,NA,NA,NA,NA,NA,NA,NA,NA,NA,NA,NA,NA,NA,NA,NA,NA,NA,NA,NA,NA,NA,NA,NA,NA,NA,NA,NA,NA,4,5,NA,4,11,7,NA,NA,4,1,NA,NA,NA,2,3,7,6,8,15,14,21,15,11,17,12,15,11,14,12,9,6,12,22,NA,2,NA,NA,NA,NA,NA,NA,NA,NA,NA
"",NA,NA,NA,NA,NA,NA,NA,NA,NA,NA,NA,NA,NA,NA,NA,NA,NA,NA,NA,NA,NA,NA,NA,NA,NA,NA,NA,NA,NA,NA,NA,NA,NA,NA,NA,NA,NA,NA,NA,NA,NA,NA,NA,NA,NA,NA,NA,NA,NA,NA,NA,NA,5,6,NA,4,12,7,NA,NA,7,1,NA,NA,NA,2,2,8,6,5,17,13,21,17,12,17,11,13,11,13,12,12,8,13,20,NA,2,NA,NA,NA,NA,NA,NA,NA,NA,NA
"",NA,NA,NA,NA,NA,NA,NA,NA,NA,NA,NA,NA,NA,NA,NA,NA,NA,NA,NA,NA,NA,NA,NA,NA,NA,NA,NA,NA,NA,NA,NA,NA,NA,NA,NA,NA,NA,NA,NA,NA,NA,NA,NA,NA,NA,NA,NA,NA,NA,NA,NA,NA,5,6,NA,5,11,5,NA,NA,6,2,NA,NA,NA,2,4,7,6,4,15,12,18,17,13,19,12,13,10,13,14,11,7,12,21,NA,3,NA,NA,NA,NA,NA,NA,NA,NA,NA
"",NA,NA,NA,NA,NA,NA,NA,NA,NA,NA,NA,NA,NA,NA,NA,NA,NA,NA,NA,NA,NA,NA,NA,NA,NA,NA,NA,NA,NA,NA,NA,NA,NA,NA,NA,NA,NA,NA,NA,NA,NA,NA,NA,NA,NA,NA,NA,NA,NA,NA,NA,NA,4,9,NA,5,11,7,NA,NA,4,1,NA,NA,NA,3,2,6,5,8,12,17,22,19,12,18,12,14,11,13,13,12,8,13,21,NA,2,NA,NA,NA,NA,NA,NA,NA,NA,NA
"",NA,NA,NA,NA,NA,NA,NA,NA,NA,NA,NA,NA,NA,NA,NA,NA,NA,NA,NA,NA,NA,NA,NA,NA,NA,NA,NA,NA,NA,NA,NA,NA,NA,NA,NA,NA,NA,NA,NA,NA,NA,NA,NA,NA,NA,NA,NA,NA,NA,NA,NA,NA,5,7,NA,5,11,7,NA,NA,6,1,NA,NA,NA,2,3,7,7,6,12,13,21,14,14,15,12,14,10,12,14,11,9,13,20,NA,2,NA,NA,NA,NA,NA,NA,NA,NA,NA
"",NA,NA,NA,NA,NA,NA,NA,NA,NA,NA,NA,NA,NA,NA,NA,NA,NA,NA,NA,NA,NA,NA,NA,NA,NA,NA,NA,NA,NA,NA,NA,NA,NA,NA,NA,NA,NA,NA,NA,NA,NA,NA,NA,NA,NA,NA,NA,NA,NA,NA,NA,NA,4,6,NA,4,11,5,NA,NA,5,2,NA,NA,NA,2,2,5,8,5,13,10,22,17,14,17,14,14,10,14,14,10,8,12,21,NA,2,NA,NA,NA,NA,NA,NA,NA,NA,NA
"",NA,NA,NA,NA,NA,NA,NA,NA,NA,NA,NA,NA,NA,NA,NA,NA,NA,NA,NA,NA,NA,NA,NA,NA,NA,NA,NA,NA,NA,NA,NA,NA,NA,NA,NA,NA,NA,NA,NA,NA,NA,NA,NA,NA,NA,NA,NA,NA,NA,NA,NA,NA,4,5,NA,4,11,5,NA,NA,5,1,NA,NA,NA,2,2,6,6,7,15,13,18,18,13,16,11,14,12,15,13,9,7,13,23,NA,4,NA,NA,NA,NA,NA,NA,NA,NA,NA
"",NA,NA,NA,NA,NA,NA,NA,NA,NA,NA,NA,NA,NA,NA,NA,NA,NA,NA,NA,NA,NA,NA,NA,NA,NA,NA,NA,NA,NA,NA,NA,NA,NA,NA,NA,NA,NA,NA,NA,NA,NA,NA,NA,NA,NA,NA,NA,NA,NA,NA,NA,NA,4,6,NA,5,11,4,NA,NA,3,2,NA,NA,NA,2,2,8,6,5,14,11,17,18,13,16,12,15,10,11,14,10,7,12,20,NA,3,NA,NA,NA,NA,NA,NA,NA,NA,NA
"",NA,NA,NA,NA,NA,NA,NA,NA,NA,NA,NA,NA,NA,NA,NA,NA,NA,NA,NA,NA,NA,NA,NA,NA,NA,NA,NA,NA,NA,NA,NA,NA,NA,NA,NA,NA,NA,NA,NA,NA,NA,NA,NA,NA,NA,NA,NA,NA,NA,NA,NA,NA,4,6,NA,5,11,8,NA,NA,4,2,NA,NA,NA,2,2,5,5,6,16,17,21,18,13,16,12,15,10,11,16,9,8,12,20,NA,3,NA,NA,NA,NA,NA,NA,NA,NA,NA
"",NA,NA,NA,NA,NA,NA,NA,NA,NA,NA,NA,NA,NA,NA,NA,NA,NA,NA,NA,NA,NA,NA,NA,NA,NA,NA,NA,NA,NA,NA,NA,NA,NA,NA,NA,NA,NA,NA,NA,NA,NA,NA,NA,NA,NA,NA,NA,NA,NA,NA,NA,NA,5,8,NA,5,11,6,NA,NA,4,1,NA,NA,NA,2,5,9,8,4,14,14,18,17,14,17,13,14,10,11,17,10,8,12,22,NA,2,NA,NA,NA,NA,NA,NA,NA,NA,NA
"",NA,NA,NA,NA,NA,NA,NA,NA,NA,NA,NA,NA,NA,NA,NA,NA,NA,NA,NA,NA,NA,NA,NA,NA,NA,NA,NA,NA,NA,NA,NA,NA,NA,NA,NA,NA,NA,NA,NA,NA,NA,NA,NA,NA,NA,NA,NA,NA,NA,NA,NA,NA,4,9,NA,4,11,5,NA,NA,5,1,NA,NA,NA,3,3,9,6,4,12,11,20,18,12,20,11,13,13,11,13,13,7,12,22,NA,2,NA,NA,NA,NA,NA,NA,NA,NA,NA
"",NA,NA,NA,NA,NA,NA,NA,NA,NA,NA,NA,NA,NA,NA,NA,NA,NA,NA,NA,NA,NA,NA,NA,NA,NA,NA,NA,NA,NA,NA,NA,NA,NA,NA,NA,NA,NA,NA,NA,NA,NA,NA,NA,NA,NA,NA,NA,NA,NA,NA,NA,NA,5,6,NA,4,11,4,NA,NA,6,1,NA,NA,NA,2,3,5,5,3,13,13,26,22,12,14,16,14,12,10,13,12,6,12,20,NA,3,NA,NA,NA,NA,NA,NA,NA,NA,NA
"",NA,NA,NA,NA,NA,NA,NA,NA,NA,NA,NA,NA,NA,NA,NA,NA,NA,NA,NA,NA,NA,NA,NA,NA,NA,NA,NA,NA,NA,NA,NA,NA,NA,NA,NA,NA,NA,NA,NA,NA,NA,NA,NA,NA,NA,NA,NA,NA,NA,NA,NA,NA,4,7,NA,4,11,7,NA,NA,5,1,NA,NA,NA,3,4,5,5,4,14,12,22,14,14,15,10,14,11,13,13,10,7,13,20,NA,3,NA,NA,NA,NA,NA,NA,NA,NA,NA
"",NA,NA,NA,NA,NA,NA,NA,NA,NA,NA,NA,NA,NA,NA,NA,NA,NA,NA,NA,NA,NA,NA,NA,NA,NA,NA,NA,NA,NA,NA,NA,NA,NA,NA,NA,NA,NA,NA,NA,NA,NA,NA,NA,NA,NA,NA,NA,NA,NA,NA,NA,NA,4,7,NA,6,11,5,NA,NA,5,2,NA,NA,NA,3,2,6,5,5,18,13,20,15,13,15,12,13,11,10,11,11,7,12,20,NA,3,NA,NA,NA,NA,NA,NA,NA,NA,NA
"",NA,NA,NA,NA,NA,NA,NA,NA,NA,NA,NA,NA,NA,NA,NA,NA,NA,NA,NA,NA,NA,NA,NA,NA,NA,NA,NA,NA,NA,NA,NA,NA,NA,NA,NA,NA,NA,NA,NA,NA,NA,NA,NA,NA,NA,NA,NA,NA,NA,NA,NA,NA,4,6,NA,6,11,5,NA,NA,4,1,NA,NA,NA,3,2,6,8,3,15,12,19,20,13,14,12,15,11,12,14,12,9,13,22,NA,3,NA,NA,NA,NA,NA,NA,NA,NA,NA
"",NA,NA,NA,NA,NA,NA,NA,NA,NA,NA,NA,NA,NA,NA,NA,NA,NA,NA,NA,NA,NA,NA,NA,NA,NA,NA,NA,NA,NA,NA,NA,NA,NA,NA,NA,NA,NA,NA,NA,NA,NA,NA,NA,NA,NA,NA,NA,NA,NA,NA,NA,NA,5,6,NA,5,11,8,NA,NA,5,1,NA,NA,NA,2,2,8,5,4,16,11,21,16,15,13,10,16,9,11,11,10,6,15,20,NA,2,NA,NA,NA,NA,NA,NA,NA,NA,NA
"",NA,NA,NA,NA,NA,NA,NA,NA,NA,NA,NA,NA,NA,NA,NA,NA,NA,NA,NA,NA,NA,NA,NA,NA,NA,NA,NA,NA,NA,NA,NA,NA,NA,NA,NA,NA,NA,NA,NA,NA,NA,NA,NA,NA,NA,NA,NA,NA,NA,NA,NA,NA,5,5,NA,3,11,8,NA,NA,6,1,NA,NA,NA,3,3,6,7,7,14,13,17,17,13,21,10,14,12,13,11,12,8,13,24,NA,2,NA,NA,NA,NA,NA,NA,NA,NA,NA
"",NA,NA,NA,NA,NA,NA,NA,NA,NA,NA,NA,NA,NA,NA,NA,NA,NA,NA,NA,NA,NA,NA,NA,NA,NA,NA,NA,NA,NA,NA,NA,NA,NA,NA,NA,NA,NA,NA,NA,NA,NA,NA,NA,NA,NA,NA,NA,NA,NA,NA,NA,NA,4,7,NA,4,11,4,NA,NA,4,2,NA,NA,NA,3,2,7,5,3,15,15,19,18,18,17,12,15,14,9,15,10,6,12,22,NA,3,NA,NA,NA,NA,NA,NA,NA,NA,NA
"",NA,NA,NA,NA,NA,NA,NA,NA,NA,NA,NA,NA,NA,NA,NA,NA,NA,NA,NA,NA,NA,NA,NA,NA,NA,NA,NA,NA,NA,NA,NA,NA,NA,NA,NA,NA,NA,NA,NA,NA,NA,NA,NA,NA,NA,NA,NA,NA,NA,NA,NA,NA,4,6,NA,7,11,6,NA,NA,4,2,NA,NA,NA,2,2,7,8,4,12,14,20,17,16,17,12,14,9,13,11,13,6,13,22,NA,2,NA,NA,NA,NA,NA,NA,NA,NA,NA
"",NA,NA,NA,NA,NA,NA,NA,NA,NA,NA,NA,NA,NA,NA,NA,NA,NA,NA,NA,NA,NA,NA,NA,NA,NA,NA,NA,NA,NA,NA,NA,NA,NA,NA,NA,NA,NA,NA,NA,NA,NA,NA,NA,NA,NA,NA,NA,NA,NA,NA,NA,NA,4,7,NA,6,11,4,NA,NA,6,1,NA,NA,NA,2,3,6,6,5,14,12,19,19,13,16,13,14,11,14,11,12,8,14,19,NA,2,NA,NA,NA,NA,NA,NA,NA,NA,NA
"",NA,NA,NA,NA,NA,NA,NA,NA,NA,NA,NA,NA,NA,NA,NA,NA,NA,NA,NA,NA,NA,NA,NA,NA,NA,NA,NA,NA,NA,NA,NA,NA,NA,NA,NA,NA,NA,NA,NA,NA,NA,NA,NA,NA,NA,NA,NA,NA,NA,NA,NA,NA,4,6,NA,3,11,5,NA,NA,4,1,NA,NA,NA,2,5,6,6,5,15,12,21,18,16,16,12,14,8,14,16,11,7,12,21,NA,2,NA,NA,NA,NA,NA,NA,NA,NA,NA
"",NA,NA,NA,NA,NA,NA,NA,NA,NA,NA,NA,NA,NA,NA,NA,NA,NA,NA,NA,NA,NA,NA,NA,NA,NA,NA,NA,NA,NA,NA,NA,NA,NA,NA,NA,NA,NA,NA,NA,NA,NA,NA,NA,NA,NA,NA,NA,NA,NA,NA,NA,NA,4,7,NA,4,11,8,NA,NA,4,1,NA,NA,NA,2,2,7,8,4,12,17,22,19,9,19,11,13,11,15,13,10,6,13,19,NA,2,NA,NA,NA,NA,NA,NA,NA,NA,NA
"",NA,NA,NA,NA,NA,NA,NA,NA,NA,NA,NA,NA,NA,NA,NA,NA,NA,NA,NA,NA,NA,NA,NA,NA,NA,NA,NA,NA,NA,NA,NA,NA,NA,NA,NA,NA,NA,NA,NA,NA,NA,NA,NA,NA,NA,NA,NA,NA,NA,NA,NA,NA,5,7,NA,3,11,7,NA,NA,4,1,NA,NA,NA,3,2,6,5,6,14,15,19,15,15,15,11,16,11,12,14,11,8,12,25,NA,3,NA,NA,NA,NA,NA,NA,NA,NA,NA
"",NA,NA,NA,NA,NA,NA,NA,NA,NA,NA,NA,NA,NA,NA,NA,NA,NA,NA,NA,NA,NA,NA,NA,NA,NA,NA,NA,NA,NA,NA,NA,NA,NA,NA,NA,NA,NA,NA,NA,NA,NA,NA,NA,NA,NA,NA,NA,NA,NA,NA,NA,NA,4,5,NA,4,11,5,NA,NA,4,1,NA,NA,NA,2,2,6,6,4,12,13,18,16,13,16,12,16,9,10,11,11,8,13,22,NA,2,NA,NA,NA,NA,NA,NA,NA,NA,NA
"",NA,NA,NA,NA,NA,NA,NA,NA,NA,NA,NA,NA,NA,NA,NA,NA,NA,NA,NA,NA,NA,NA,NA,NA,NA,NA,NA,NA,NA,NA,NA,NA,NA,NA,NA,NA,NA,NA,NA,NA,NA,NA,NA,NA,NA,NA,NA,NA,NA,NA,NA,NA,4,6,NA,4,11,4,NA,NA,4,1,NA,NA,NA,2,3,7,8,4,16,14,21,20,12,17,12,14,10,13,11,10,6,13,23,NA,3,NA,NA,NA,NA,NA,NA,NA,NA,NA
"",NA,NA,NA,NA,NA,NA,NA,NA,NA,NA,NA,NA,NA,NA,NA,NA,NA,NA,NA,NA,NA,NA,NA,NA,NA,NA,NA,NA,NA,NA,NA,NA,NA,NA,NA,NA,NA,NA,NA,NA,NA,NA,NA,NA,NA,NA,NA,NA,NA,NA,NA,NA,4,7,NA,4,11,6,NA,NA,5,1,NA,NA,NA,3,3,8,7,5,14,13,19,17,13,15,13,14,9,13,12,11,9,13,23,NA,4,NA,NA,NA,NA,NA,NA,NA,NA,NA
"",NA,NA,NA,NA,NA,NA,NA,NA,NA,NA,NA,NA,NA,NA,NA,NA,NA,NA,NA,NA,NA,NA,NA,NA,NA,NA,NA,NA,NA,NA,NA,NA,NA,NA,NA,NA,NA,NA,NA,NA,NA,NA,NA,NA,NA,NA,NA,NA,NA,NA,NA,NA,4,7,NA,4,11,6,NA,NA,4,1,NA,NA,NA,2,2,5,6,6,13,14,24,16,12,16,12,15,13,12,12,12,6,13,23,NA,2,NA,NA,NA,NA,NA,NA,NA,NA,NA
"",NA,NA,NA,NA,NA,NA,NA,NA,NA,NA,NA,NA,NA,NA,NA,NA,NA,NA,NA,NA,NA,NA,NA,NA,NA,NA,NA,NA,NA,NA,NA,NA,NA,NA,NA,NA,NA,NA,NA,NA,NA,NA,NA,NA,NA,NA,NA,NA,NA,NA,NA,NA,5,9,NA,4,11,5,NA,NA,6,1,NA,NA,NA,2,5,8,6,4,13,14,26,14,13,17,12,15,9,11,15,12,6,13,24,NA,2,NA,NA,NA,NA,NA,NA,NA,NA,NA
"",NA,NA,NA,NA,NA,NA,NA,NA,NA,NA,NA,NA,NA,NA,NA,NA,NA,NA,NA,NA,NA,NA,NA,NA,NA,NA,NA,NA,NA,NA,NA,NA,NA,NA,NA,NA,NA,NA,NA,NA,NA,NA,NA,NA,NA,NA,NA,NA,NA,NA,NA,NA,4,5,NA,4,11,6,NA,NA,3,1,NA,NA,NA,3,2,7,5,5,12,13,18,18,13,18,11,15,11,10,12,12,8,13,21,NA,2,NA,NA,NA,NA,NA,NA,NA,NA,NA
"",NA,NA,NA,NA,NA,NA,NA,NA,NA,NA,NA,NA,NA,NA,NA,NA,NA,NA,NA,NA,NA,NA,NA,NA,NA,NA,NA,NA,NA,NA,NA,NA,NA,NA,NA,NA,NA,NA,NA,NA,NA,NA,NA,NA,NA,NA,NA,NA,NA,NA,NA,NA,4,5,NA,4,11,5,NA,NA,5,2,NA,NA,NA,3,5,7,6,6,16,12,23,16,14,16,12,14,10,13,16,8,7,12,21,NA,2,NA,NA,NA,NA,NA,NA,NA,NA,NA
"",NA,NA,NA,NA,NA,NA,NA,NA,NA,NA,NA,NA,NA,NA,NA,NA,NA,NA,NA,NA,NA,NA,NA,NA,NA,NA,NA,NA,NA,NA,NA,NA,NA,NA,NA,NA,NA,NA,NA,NA,NA,NA,NA,NA,NA,NA,NA,NA,NA,NA,NA,NA,4,6,NA,5,11,5,NA,NA,4,1,NA,NA,NA,3,2,8,5,4,16,16,18,19,13,15,11,14,14,14,11,11,7,13,22,NA,3,NA,NA,NA,NA,NA,NA,NA,NA,NA
"",NA,NA,NA,NA,NA,NA,NA,NA,NA,NA,NA,NA,NA,NA,NA,NA,NA,NA,NA,NA,NA,NA,NA,NA,NA,NA,NA,NA,NA,NA,NA,NA,NA,NA,NA,NA,NA,NA,NA,NA,NA,NA,NA,NA,NA,NA,NA,NA,NA,NA,NA,NA,4,9,NA,5,11,4,NA,NA,4,2,NA,NA,NA,2,3,8,6,5,16,12,21,15,11,18,12,14,14,13,13,12,8,13,23,NA,2,NA,NA,NA,NA,NA,NA,NA,NA,NA
"Mean",NA,NA,NA,NA,NA,NA,NA,NA,NA,NA,NA,NA,NA,NA,NA,NA,NA,NA,NA,NA,NA,NA,NA,NA,NA,NA,NA,NA,NA,NA,NA,NA,NA,NA,NA,NA,NA,NA,NA,NA,NA,NA,NA,NA,NA,NA,NA,NA,NA,NA,NA,NA,4.34,6.52,NA,4.38,11.02,5.78,NA,NA,4.46,1.36,NA,NA,NA,2.36,2.86,6.66,6.14,4.94,14.14,13.26,20.42,16.86,13,16.48,11.78,14.3,10.76,12.42,13.24,10.92,7.1,12.64,21.44,NA,2.4,NA,NA,NA,NA,NA,NA,NA,NA,NA
