"","1","2","3","4","5","6","7","8","9","10","11","12","13","14","15","16","17","18","19","20","21","22","23","24","25","26","27","28","29","30","31","32","33","34","35","36","37","38","39","40","41","42","43","44","45","46","47","48","49","50","51","52","53","54","55","56","57","58","59","60","61","62","63","64","65","66","67","68","69","70","71","72","73","74","75","76","77","78","79","80","81","82","83","84","85","86","87","88","89","90","91","93","94","95","96","97","98","99"
"",NA,NA,NA,NA,NA,NA,NA,NA,NA,NA,NA,NA,NA,NA,NA,NA,NA,NA,NA,NA,NA,NA,NA,NA,NA,NA,NA,NA,NA,NA,NA,NA,NA,NA,NA,NA,NA,NA,NA,NA,NA,NA,NA,NA,NA,NA,NA,NA,NA,NA,NA,NA,1,9,7,7,7,4,4,6,10,1,1,2,2,NA,33,27,20,17,10,55,76,48,39,25,32,36,39,33,42,40,25,46,71,86,99,25,58,74,0,17,87,61,NA,112,74,NA
"",NA,NA,NA,NA,NA,NA,NA,NA,NA,NA,NA,NA,NA,NA,NA,NA,NA,NA,NA,NA,NA,NA,NA,NA,NA,NA,NA,NA,NA,NA,NA,NA,NA,NA,NA,NA,NA,NA,NA,NA,NA,NA,NA,NA,NA,NA,NA,NA,NA,NA,NA,NA,1,9,7,8,4,4,2,6,10,1,1,2,2,NA,30,26,23,14,12,56,75,48,34,24,36,32,40,36,45,45,28,46,68,84,99,26,59,90,0,16,79,62,NA,119,69,NA
"",NA,NA,NA,NA,NA,NA,NA,NA,NA,NA,NA,NA,NA,NA,NA,NA,NA,NA,NA,NA,NA,NA,NA,NA,NA,NA,NA,NA,NA,NA,NA,NA,NA,NA,NA,NA,NA,NA,NA,NA,NA,NA,NA,NA,NA,NA,NA,NA,NA,NA,NA,NA,1,9,7,7,7,4,4,6,10,2,1,2,3,NA,36,25,22,16,10,59,79,47,34,24,37,35,45,36,46,40,28,49,76,80,108,25,54,78,0,17,80,63,NA,118,71,NA
"",NA,NA,NA,NA,NA,NA,NA,NA,NA,NA,NA,NA,NA,NA,NA,NA,NA,NA,NA,NA,NA,NA,NA,NA,NA,NA,NA,NA,NA,NA,NA,NA,NA,NA,NA,NA,NA,NA,NA,NA,NA,NA,NA,NA,NA,NA,NA,NA,NA,NA,NA,NA,1,9,7,7,6,6,2,6,10,2,1,3,3,NA,32,23,23,16,8,58,77,48,34,26,34,35,44,33,42,43,27,47,83,88,104,25,59,79,0,15,83,60,NA,106,72,NA
"",NA,NA,NA,NA,NA,NA,NA,NA,NA,NA,NA,NA,NA,NA,NA,NA,NA,NA,NA,NA,NA,NA,NA,NA,NA,NA,NA,NA,NA,NA,NA,NA,NA,NA,NA,NA,NA,NA,NA,NA,NA,NA,NA,NA,NA,NA,NA,NA,NA,NA,NA,NA,1,9,7,9,5,5,2,6,10,1,1,3,2,NA,32,27,20,19,7,57,73,51,31,24,34,38,39,35,42,44,24,48,79,88,102,24,56,76,0,13,76,61,NA,122,69,NA
"",NA,NA,NA,NA,NA,NA,NA,NA,NA,NA,NA,NA,NA,NA,NA,NA,NA,NA,NA,NA,NA,NA,NA,NA,NA,NA,NA,NA,NA,NA,NA,NA,NA,NA,NA,NA,NA,NA,NA,NA,NA,NA,NA,NA,NA,NA,NA,NA,NA,NA,NA,NA,1,9,7,8,6,5,2,6,10,2,1,2,3,NA,29,25,20,16,7,60,73,48,37,26,36,36,41,35,43,36,23,44,76,92,98,25,61,75,0,18,79,67,NA,114,71,NA
"",NA,NA,NA,NA,NA,NA,NA,NA,NA,NA,NA,NA,NA,NA,NA,NA,NA,NA,NA,NA,NA,NA,NA,NA,NA,NA,NA,NA,NA,NA,NA,NA,NA,NA,NA,NA,NA,NA,NA,NA,NA,NA,NA,NA,NA,NA,NA,NA,NA,NA,NA,NA,1,9,7,8,4,5,3,6,10,2,1,2,4,NA,29,25,20,16,12,58,74,50,35,27,38,35,40,41,44,41,27,45,67,88,101,29,57,82,0,14,77,59,NA,114,71,NA
"",NA,NA,NA,NA,NA,NA,NA,NA,NA,NA,NA,NA,NA,NA,NA,NA,NA,NA,NA,NA,NA,NA,NA,NA,NA,NA,NA,NA,NA,NA,NA,NA,NA,NA,NA,NA,NA,NA,NA,NA,NA,NA,NA,NA,NA,NA,NA,NA,NA,NA,NA,NA,1,9,7,8,7,6,2,6,10,1,1,2,3,NA,28,22,21,15,9,62,79,45,30,24,37,31,42,33,47,41,23,47,76,84,98,26,60,79,0,17,78,59,NA,129,67,NA
"",NA,NA,NA,NA,NA,NA,NA,NA,NA,NA,NA,NA,NA,NA,NA,NA,NA,NA,NA,NA,NA,NA,NA,NA,NA,NA,NA,NA,NA,NA,NA,NA,NA,NA,NA,NA,NA,NA,NA,NA,NA,NA,NA,NA,NA,NA,NA,NA,NA,NA,NA,NA,1,9,7,8,7,5,2,6,10,1,1,3,3,NA,32,29,25,17,10,56,73,46,35,22,31,34,37,36,45,43,26,47,76,77,107,27,56,82,0,14,82,60,NA,119,70,NA
"",NA,NA,NA,NA,NA,NA,NA,NA,NA,NA,NA,NA,NA,NA,NA,NA,NA,NA,NA,NA,NA,NA,NA,NA,NA,NA,NA,NA,NA,NA,NA,NA,NA,NA,NA,NA,NA,NA,NA,NA,NA,NA,NA,NA,NA,NA,NA,NA,NA,NA,NA,NA,1,9,7,7,4,5,3,6,10,1,1,3,2,NA,32,27,24,16,8,63,70,49,35,22,31,35,44,37,44,44,27,49,77,86,96,24,56,83,0,15,72,63,NA,115,71,NA
"",NA,NA,NA,NA,NA,NA,NA,NA,NA,NA,NA,NA,NA,NA,NA,NA,NA,NA,NA,NA,NA,NA,NA,NA,NA,NA,NA,NA,NA,NA,NA,NA,NA,NA,NA,NA,NA,NA,NA,NA,NA,NA,NA,NA,NA,NA,NA,NA,NA,NA,NA,NA,1,9,8,7,5,7,2,6,10,1,1,3,3,NA,30,22,20,16,9,55,77,45,37,23,34,33,40,34,41,40,26,46,66,82,98,24,58,70,0,18,79,60,NA,119,72,NA
"",NA,NA,NA,NA,NA,NA,NA,NA,NA,NA,NA,NA,NA,NA,NA,NA,NA,NA,NA,NA,NA,NA,NA,NA,NA,NA,NA,NA,NA,NA,NA,NA,NA,NA,NA,NA,NA,NA,NA,NA,NA,NA,NA,NA,NA,NA,NA,NA,NA,NA,NA,NA,1,9,7,9,6,4,3,6,10,1,1,3,2,NA,30,24,19,17,11,56,76,43,30,25,36,40,44,39,43,37,29,44,68,81,102,26,58,84,0,14,81,62,NA,123,68,NA
"",NA,NA,NA,NA,NA,NA,NA,NA,NA,NA,NA,NA,NA,NA,NA,NA,NA,NA,NA,NA,NA,NA,NA,NA,NA,NA,NA,NA,NA,NA,NA,NA,NA,NA,NA,NA,NA,NA,NA,NA,NA,NA,NA,NA,NA,NA,NA,NA,NA,NA,NA,NA,1,9,7,8,4,7,2,6,10,1,1,2,3,NA,33,25,28,15,11,57,73,47,31,24,34,36,45,35,47,40,23,49,77,85,102,28,62,79,0,16,76,57,NA,120,73,NA
"",NA,NA,NA,NA,NA,NA,NA,NA,NA,NA,NA,NA,NA,NA,NA,NA,NA,NA,NA,NA,NA,NA,NA,NA,NA,NA,NA,NA,NA,NA,NA,NA,NA,NA,NA,NA,NA,NA,NA,NA,NA,NA,NA,NA,NA,NA,NA,NA,NA,NA,NA,NA,1,9,7,7,6,5,2,6,10,1,1,3,5,NA,28,27,21,15,9,56,76,48,37,25,39,35,43,33,43,36,22,47,83,82,110,25,57,69,0,17,76,62,NA,129,70,NA
"",NA,NA,NA,NA,NA,NA,NA,NA,NA,NA,NA,NA,NA,NA,NA,NA,NA,NA,NA,NA,NA,NA,NA,NA,NA,NA,NA,NA,NA,NA,NA,NA,NA,NA,NA,NA,NA,NA,NA,NA,NA,NA,NA,NA,NA,NA,NA,NA,NA,NA,NA,NA,1,9,7,6,5,5,3,6,10,4,1,2,3,NA,31,25,21,15,6,59,71,42,35,24,31,33,43,33,48,41,26,48,80,77,100,26,61,73,0,18,72,55,NA,128,70,NA
"",NA,NA,NA,NA,NA,NA,NA,NA,NA,NA,NA,NA,NA,NA,NA,NA,NA,NA,NA,NA,NA,NA,NA,NA,NA,NA,NA,NA,NA,NA,NA,NA,NA,NA,NA,NA,NA,NA,NA,NA,NA,NA,NA,NA,NA,NA,NA,NA,NA,NA,NA,NA,1,9,7,8,6,8,3,6,10,1,1,2,4,NA,30,24,22,17,10,51,75,49,34,25,35,35,41,39,47,43,26,44,68,86,102,27,59,77,0,18,79,54,NA,119,68,NA
"",NA,NA,NA,NA,NA,NA,NA,NA,NA,NA,NA,NA,NA,NA,NA,NA,NA,NA,NA,NA,NA,NA,NA,NA,NA,NA,NA,NA,NA,NA,NA,NA,NA,NA,NA,NA,NA,NA,NA,NA,NA,NA,NA,NA,NA,NA,NA,NA,NA,NA,NA,NA,1,9,7,9,6,4,2,6,10,1,1,3,2,NA,27,24,18,16,11,58,73,47,31,27,36,34,38,31,43,40,28,47,78,82,95,24,57,87,0,13,72,59,NA,113,72,NA
"",NA,NA,NA,NA,NA,NA,NA,NA,NA,NA,NA,NA,NA,NA,NA,NA,NA,NA,NA,NA,NA,NA,NA,NA,NA,NA,NA,NA,NA,NA,NA,NA,NA,NA,NA,NA,NA,NA,NA,NA,NA,NA,NA,NA,NA,NA,NA,NA,NA,NA,NA,NA,1,9,7,7,5,5,4,6,10,1,1,3,2,NA,27,25,19,16,7,53,78,43,32,23,33,35,43,35,51,43,25,46,72,85,103,26,61,89,0,17,69,59,NA,117,70,NA
"",NA,NA,NA,NA,NA,NA,NA,NA,NA,NA,NA,NA,NA,NA,NA,NA,NA,NA,NA,NA,NA,NA,NA,NA,NA,NA,NA,NA,NA,NA,NA,NA,NA,NA,NA,NA,NA,NA,NA,NA,NA,NA,NA,NA,NA,NA,NA,NA,NA,NA,NA,NA,1,9,8,8,4,4,5,6,10,1,1,2,3,NA,31,25,23,16,8,59,77,51,34,25,36,36,46,35,41,43,23,48,79,84,97,23,53,92,0,18,89,63,NA,122,69,NA
"",NA,NA,NA,NA,NA,NA,NA,NA,NA,NA,NA,NA,NA,NA,NA,NA,NA,NA,NA,NA,NA,NA,NA,NA,NA,NA,NA,NA,NA,NA,NA,NA,NA,NA,NA,NA,NA,NA,NA,NA,NA,NA,NA,NA,NA,NA,NA,NA,NA,NA,NA,NA,1,9,7,8,6,4,3,6,10,1,1,2,3,NA,30,24,24,19,10,54,73,43,33,23,41,35,38,34,46,42,22,46,73,81,107,26,56,85,0,15,73,61,NA,116,71,NA
"",NA,NA,NA,NA,NA,NA,NA,NA,NA,NA,NA,NA,NA,NA,NA,NA,NA,NA,NA,NA,NA,NA,NA,NA,NA,NA,NA,NA,NA,NA,NA,NA,NA,NA,NA,NA,NA,NA,NA,NA,NA,NA,NA,NA,NA,NA,NA,NA,NA,NA,NA,NA,1,9,7,9,4,5,2,6,10,1,1,4,3,NA,31,22,21,16,9,60,71,46,35,23,31,34,42,32,45,42,21,47,73,84,96,25,55,74,0,15,85,55,NA,125,70,NA
"",NA,NA,NA,NA,NA,NA,NA,NA,NA,NA,NA,NA,NA,NA,NA,NA,NA,NA,NA,NA,NA,NA,NA,NA,NA,NA,NA,NA,NA,NA,NA,NA,NA,NA,NA,NA,NA,NA,NA,NA,NA,NA,NA,NA,NA,NA,NA,NA,NA,NA,NA,NA,1,9,7,9,6,4,2,6,10,1,1,2,2,NA,30,25,19,16,10,57,71,44,36,24,39,35,39,39,41,43,20,45,76,80,108,25,58,85,0,20,74,53,NA,117,70,NA
"",NA,NA,NA,NA,NA,NA,NA,NA,NA,NA,NA,NA,NA,NA,NA,NA,NA,NA,NA,NA,NA,NA,NA,NA,NA,NA,NA,NA,NA,NA,NA,NA,NA,NA,NA,NA,NA,NA,NA,NA,NA,NA,NA,NA,NA,NA,NA,NA,NA,NA,NA,NA,1,9,7,7,4,4,2,6,10,1,1,2,3,NA,28,25,24,17,8,55,77,49,35,23,37,34,40,37,44,37,21,46,78,78,106,26,57,75,0,18,69,55,NA,114,68,NA
"",NA,NA,NA,NA,NA,NA,NA,NA,NA,NA,NA,NA,NA,NA,NA,NA,NA,NA,NA,NA,NA,NA,NA,NA,NA,NA,NA,NA,NA,NA,NA,NA,NA,NA,NA,NA,NA,NA,NA,NA,NA,NA,NA,NA,NA,NA,NA,NA,NA,NA,NA,NA,1,9,7,7,6,4,3,6,10,2,1,2,3,NA,32,21,21,17,8,62,81,41,30,20,35,36,41,34,44,45,24,48,75,81,108,24,58,77,0,19,79,59,NA,124,69,NA
"",NA,NA,NA,NA,NA,NA,NA,NA,NA,NA,NA,NA,NA,NA,NA,NA,NA,NA,NA,NA,NA,NA,NA,NA,NA,NA,NA,NA,NA,NA,NA,NA,NA,NA,NA,NA,NA,NA,NA,NA,NA,NA,NA,NA,NA,NA,NA,NA,NA,NA,NA,NA,1,9,7,8,4,5,2,6,10,1,1,2,3,NA,27,22,22,16,12,55,75,49,35,25,32,39,46,34,45,41,24,47,78,92,102,23,56,81,0,16,70,59,NA,114,70,NA
"",NA,NA,NA,NA,NA,NA,NA,NA,NA,NA,NA,NA,NA,NA,NA,NA,NA,NA,NA,NA,NA,NA,NA,NA,NA,NA,NA,NA,NA,NA,NA,NA,NA,NA,NA,NA,NA,NA,NA,NA,NA,NA,NA,NA,NA,NA,NA,NA,NA,NA,NA,NA,1,9,7,9,5,5,2,6,11,1,1,3,3,NA,27,22,20,18,11,51,76,49,35,22,36,35,43,35,50,42,24,44,73,93,104,24,56,67,0,19,79,59,NA,120,68,NA
"",NA,NA,NA,NA,NA,NA,NA,NA,NA,NA,NA,NA,NA,NA,NA,NA,NA,NA,NA,NA,NA,NA,NA,NA,NA,NA,NA,NA,NA,NA,NA,NA,NA,NA,NA,NA,NA,NA,NA,NA,NA,NA,NA,NA,NA,NA,NA,NA,NA,NA,NA,NA,1,9,7,10,6,5,3,6,10,1,1,2,2,NA,29,22,16,18,10,60,74,48,35,27,33,35,40,38,46,39,23,44,71,80,105,24,57,79,0,17,79,58,NA,107,69,NA
"",NA,NA,NA,NA,NA,NA,NA,NA,NA,NA,NA,NA,NA,NA,NA,NA,NA,NA,NA,NA,NA,NA,NA,NA,NA,NA,NA,NA,NA,NA,NA,NA,NA,NA,NA,NA,NA,NA,NA,NA,NA,NA,NA,NA,NA,NA,NA,NA,NA,NA,NA,NA,1,9,8,8,5,4,2,6,10,1,1,2,3,NA,31,29,22,20,12,53,74,46,38,22,33,33,40,33,49,38,23,45,69,84,107,23,61,84,0,17,82,64,NA,122,71,NA
"",NA,NA,NA,NA,NA,NA,NA,NA,NA,NA,NA,NA,NA,NA,NA,NA,NA,NA,NA,NA,NA,NA,NA,NA,NA,NA,NA,NA,NA,NA,NA,NA,NA,NA,NA,NA,NA,NA,NA,NA,NA,NA,NA,NA,NA,NA,NA,NA,NA,NA,NA,NA,1,9,7,9,6,5,2,6,10,1,1,2,2,NA,29,27,20,17,11,61,79,42,32,22,31,33,40,37,46,42,24,43,81,83,113,26,55,70,0,19,78,57,NA,115,71,NA
"",NA,NA,NA,NA,NA,NA,NA,NA,NA,NA,NA,NA,NA,NA,NA,NA,NA,NA,NA,NA,NA,NA,NA,NA,NA,NA,NA,NA,NA,NA,NA,NA,NA,NA,NA,NA,NA,NA,NA,NA,NA,NA,NA,NA,NA,NA,NA,NA,NA,NA,NA,NA,1,9,7,8,6,5,2,6,10,1,1,4,2,NA,27,24,19,17,7,58,77,42,35,28,38,36,38,38,48,46,23,43,74,86,99,27,56,77,0,14,76,60,NA,124,67,NA
"",NA,NA,NA,NA,NA,NA,NA,NA,NA,NA,NA,NA,NA,NA,NA,NA,NA,NA,NA,NA,NA,NA,NA,NA,NA,NA,NA,NA,NA,NA,NA,NA,NA,NA,NA,NA,NA,NA,NA,NA,NA,NA,NA,NA,NA,NA,NA,NA,NA,NA,NA,NA,1,9,7,6,4,4,2,6,10,2,1,2,2,NA,31,24,24,17,16,55,78,43,35,24,33,39,41,37,37,43,22,46,76,82,111,27,56,74,0,19,82,59,NA,116,73,NA
"",NA,NA,NA,NA,NA,NA,NA,NA,NA,NA,NA,NA,NA,NA,NA,NA,NA,NA,NA,NA,NA,NA,NA,NA,NA,NA,NA,NA,NA,NA,NA,NA,NA,NA,NA,NA,NA,NA,NA,NA,NA,NA,NA,NA,NA,NA,NA,NA,NA,NA,NA,NA,1,9,7,11,5,5,2,6,10,1,1,2,2,NA,31,24,23,15,10,56,71,47,35,24,31,33,40,36,47,45,24,46,77,74,105,25,61,77,0,18,83,61,NA,128,71,NA
"",NA,NA,NA,NA,NA,NA,NA,NA,NA,NA,NA,NA,NA,NA,NA,NA,NA,NA,NA,NA,NA,NA,NA,NA,NA,NA,NA,NA,NA,NA,NA,NA,NA,NA,NA,NA,NA,NA,NA,NA,NA,NA,NA,NA,NA,NA,NA,NA,NA,NA,NA,NA,1,9,7,8,5,5,2,6,10,1,1,2,2,NA,34,26,20,16,8,55,74,46,36,23,32,34,42,36,44,40,25,46,73,93,103,26,60,81,0,15,77,55,NA,123,70,NA
"",NA,NA,NA,NA,NA,NA,NA,NA,NA,NA,NA,NA,NA,NA,NA,NA,NA,NA,NA,NA,NA,NA,NA,NA,NA,NA,NA,NA,NA,NA,NA,NA,NA,NA,NA,NA,NA,NA,NA,NA,NA,NA,NA,NA,NA,NA,NA,NA,NA,NA,NA,NA,1,9,7,10,4,6,2,6,10,2,1,2,2,NA,29,29,17,16,15,59,74,45,30,22,35,37,42,34,43,40,22,46,74,80,98,23,56,86,0,15,75,64,NA,115,68,NA
"",NA,NA,NA,NA,NA,NA,NA,NA,NA,NA,NA,NA,NA,NA,NA,NA,NA,NA,NA,NA,NA,NA,NA,NA,NA,NA,NA,NA,NA,NA,NA,NA,NA,NA,NA,NA,NA,NA,NA,NA,NA,NA,NA,NA,NA,NA,NA,NA,NA,NA,NA,NA,1,9,7,7,5,5,2,6,10,1,1,3,3,NA,30,26,20,16,6,56,72,50,31,22,34,36,38,35,45,38,22,44,72,82,93,25,57,80,0,18,77,56,NA,110,70,NA
"",NA,NA,NA,NA,NA,NA,NA,NA,NA,NA,NA,NA,NA,NA,NA,NA,NA,NA,NA,NA,NA,NA,NA,NA,NA,NA,NA,NA,NA,NA,NA,NA,NA,NA,NA,NA,NA,NA,NA,NA,NA,NA,NA,NA,NA,NA,NA,NA,NA,NA,NA,NA,1,9,7,8,6,5,2,6,10,1,1,2,3,NA,31,24,21,17,8,58,73,46,33,27,39,34,40,37,50,42,23,42,72,84,112,25,57,79,0,16,79,59,NA,111,72,NA
"",NA,NA,NA,NA,NA,NA,NA,NA,NA,NA,NA,NA,NA,NA,NA,NA,NA,NA,NA,NA,NA,NA,NA,NA,NA,NA,NA,NA,NA,NA,NA,NA,NA,NA,NA,NA,NA,NA,NA,NA,NA,NA,NA,NA,NA,NA,NA,NA,NA,NA,NA,NA,1,9,7,9,4,4,2,6,10,2,1,2,3,NA,28,26,22,15,10,56,76,46,36,24,34,35,42,36,43,44,22,44,83,79,105,28,63,84,0,15,77,52,NA,111,72,NA
"",NA,NA,NA,NA,NA,NA,NA,NA,NA,NA,NA,NA,NA,NA,NA,NA,NA,NA,NA,NA,NA,NA,NA,NA,NA,NA,NA,NA,NA,NA,NA,NA,NA,NA,NA,NA,NA,NA,NA,NA,NA,NA,NA,NA,NA,NA,NA,NA,NA,NA,NA,NA,1,9,7,9,6,5,2,6,10,1,1,2,3,NA,31,24,23,16,9,56,75,46,32,23,37,34,40,37,45,39,22,46,79,80,103,26,57,73,0,18,73,63,NA,117,67,NA
"",NA,NA,NA,NA,NA,NA,NA,NA,NA,NA,NA,NA,NA,NA,NA,NA,NA,NA,NA,NA,NA,NA,NA,NA,NA,NA,NA,NA,NA,NA,NA,NA,NA,NA,NA,NA,NA,NA,NA,NA,NA,NA,NA,NA,NA,NA,NA,NA,NA,NA,NA,NA,1,9,7,9,4,4,2,6,10,1,1,2,4,NA,29,26,24,17,8,64,76,43,34,21,35,36,40,37,43,41,24,43,76,91,104,26,65,84,0,21,84,61,NA,123,69,NA
"",NA,NA,NA,NA,NA,NA,NA,NA,NA,NA,NA,NA,NA,NA,NA,NA,NA,NA,NA,NA,NA,NA,NA,NA,NA,NA,NA,NA,NA,NA,NA,NA,NA,NA,NA,NA,NA,NA,NA,NA,NA,NA,NA,NA,NA,NA,NA,NA,NA,NA,NA,NA,1,9,7,8,5,5,4,6,10,1,1,2,3,NA,34,25,21,17,12,54,74,55,33,23,35,36,39,34,43,44,22,46,75,78,99,24,57,75,0,16,82,61,NA,109,70,NA
"",NA,NA,NA,NA,NA,NA,NA,NA,NA,NA,NA,NA,NA,NA,NA,NA,NA,NA,NA,NA,NA,NA,NA,NA,NA,NA,NA,NA,NA,NA,NA,NA,NA,NA,NA,NA,NA,NA,NA,NA,NA,NA,NA,NA,NA,NA,NA,NA,NA,NA,NA,NA,1,9,7,8,6,5,2,6,10,1,1,4,3,NA,32,27,19,16,6,56,81,51,32,24,35,34,40,36,44,49,26,47,77,84,101,25,59,81,0,16,78,60,NA,114,71,NA
"",NA,NA,NA,NA,NA,NA,NA,NA,NA,NA,NA,NA,NA,NA,NA,NA,NA,NA,NA,NA,NA,NA,NA,NA,NA,NA,NA,NA,NA,NA,NA,NA,NA,NA,NA,NA,NA,NA,NA,NA,NA,NA,NA,NA,NA,NA,NA,NA,NA,NA,NA,NA,1,9,7,7,4,4,2,6,10,1,1,4,2,NA,31,24,17,14,5,60,76,48,36,27,36,36,38,38,46,44,24,45,75,84,102,26,62,86,0,15,82,61,NA,123,69,NA
"",NA,NA,NA,NA,NA,NA,NA,NA,NA,NA,NA,NA,NA,NA,NA,NA,NA,NA,NA,NA,NA,NA,NA,NA,NA,NA,NA,NA,NA,NA,NA,NA,NA,NA,NA,NA,NA,NA,NA,NA,NA,NA,NA,NA,NA,NA,NA,NA,NA,NA,NA,NA,1,9,7,10,5,4,4,6,10,1,1,4,3,NA,28,22,22,14,9,52,79,47,35,25,35,37,41,34,46,41,24,46,69,79,101,24,61,80,0,16,77,64,NA,116,70,NA
"",NA,NA,NA,NA,NA,NA,NA,NA,NA,NA,NA,NA,NA,NA,NA,NA,NA,NA,NA,NA,NA,NA,NA,NA,NA,NA,NA,NA,NA,NA,NA,NA,NA,NA,NA,NA,NA,NA,NA,NA,NA,NA,NA,NA,NA,NA,NA,NA,NA,NA,NA,NA,1,9,7,7,6,5,4,6,10,2,1,2,3,NA,28,24,23,19,8,55,80,43,34,22,34,36,44,33,43,42,27,50,73,84,100,25,58,79,0,16,79,72,NA,119,71,NA
"",NA,NA,NA,NA,NA,NA,NA,NA,NA,NA,NA,NA,NA,NA,NA,NA,NA,NA,NA,NA,NA,NA,NA,NA,NA,NA,NA,NA,NA,NA,NA,NA,NA,NA,NA,NA,NA,NA,NA,NA,NA,NA,NA,NA,NA,NA,NA,NA,NA,NA,NA,NA,1,9,7,10,6,5,2,6,10,2,1,2,3,NA,31,24,20,16,9,55,80,47,39,27,34,33,40,34,45,42,24,49,73,82,108,26,57,79,0,17,81,63,NA,107,72,NA
"",NA,NA,NA,NA,NA,NA,NA,NA,NA,NA,NA,NA,NA,NA,NA,NA,NA,NA,NA,NA,NA,NA,NA,NA,NA,NA,NA,NA,NA,NA,NA,NA,NA,NA,NA,NA,NA,NA,NA,NA,NA,NA,NA,NA,NA,NA,NA,NA,NA,NA,NA,NA,1,9,8,8,4,5,4,6,10,1,1,2,3,NA,28,26,22,17,9,54,74,44,31,24,40,40,42,34,46,38,24,43,75,76,100,25,56,78,0,16,80,60,NA,122,71,NA
"",NA,NA,NA,NA,NA,NA,NA,NA,NA,NA,NA,NA,NA,NA,NA,NA,NA,NA,NA,NA,NA,NA,NA,NA,NA,NA,NA,NA,NA,NA,NA,NA,NA,NA,NA,NA,NA,NA,NA,NA,NA,NA,NA,NA,NA,NA,NA,NA,NA,NA,NA,NA,1,9,7,9,6,5,2,6,10,1,1,4,3,NA,30,23,22,17,12,58,79,47,31,26,31,36,38,32,48,45,24,48,65,85,100,27,59,72,0,17,77,64,NA,121,69,NA
"",NA,NA,NA,NA,NA,NA,NA,NA,NA,NA,NA,NA,NA,NA,NA,NA,NA,NA,NA,NA,NA,NA,NA,NA,NA,NA,NA,NA,NA,NA,NA,NA,NA,NA,NA,NA,NA,NA,NA,NA,NA,NA,NA,NA,NA,NA,NA,NA,NA,NA,NA,NA,1,9,7,6,4,4,4,6,10,1,1,2,2,NA,28,28,22,19,8,64,72,45,32,24,36,32,43,33,47,44,27,48,73,83,107,27,57,75,0,18,75,59,NA,117,71,NA
"",NA,NA,NA,NA,NA,NA,NA,NA,NA,NA,NA,NA,NA,NA,NA,NA,NA,NA,NA,NA,NA,NA,NA,NA,NA,NA,NA,NA,NA,NA,NA,NA,NA,NA,NA,NA,NA,NA,NA,NA,NA,NA,NA,NA,NA,NA,NA,NA,NA,NA,NA,NA,1,9,7,9,5,5,2,6,10,1,1,2,3,NA,28,22,25,23,8,56,79,41,31,23,31,34,41,35,44,35,19,47,69,81,105,24,62,78,0,16,76,57,NA,111,71,NA
"",NA,NA,NA,NA,NA,NA,NA,NA,NA,NA,NA,NA,NA,NA,NA,NA,NA,NA,NA,NA,NA,NA,NA,NA,NA,NA,NA,NA,NA,NA,NA,NA,NA,NA,NA,NA,NA,NA,NA,NA,NA,NA,NA,NA,NA,NA,NA,NA,NA,NA,NA,NA,1,9,7,8,6,4,2,6,10,1,1,2,3,NA,30,22,23,16,11,59,78,44,35,25,38,34,41,41,45,46,21,44,81,82,103,25,57,72,0,15,77,57,NA,113,70,NA
"Mean",NA,NA,NA,NA,NA,NA,NA,NA,NA,NA,NA,NA,NA,NA,NA,NA,NA,NA,NA,NA,NA,NA,NA,NA,NA,NA,NA,NA,NA,NA,NA,NA,NA,NA,NA,NA,NA,NA,NA,NA,NA,NA,NA,NA,NA,NA,NA,NA,NA,NA,NA,NA,1,9,7.08,8.1,5.24,4.84,2.54,6,10.02,1.26,1,2.46,2.76,NA,30.06,24.72,21.34,16.58,9.4,57.04,75.48,46.36,33.9,24.08,34.82,35.1,41.06,35.38,44.84,41.58,24.06,46.02,74.56,83.24,102.72,25.34,58.08,78.9,0,16.54,78.02,59.88,NA,117.64,70.16,NA
